原竹　貴幸,name
宮崎　あゆ美,name
帰山　康生,name
照井　恵利子,name
尾高　彰宏,name
甲州　恵理,name
鴫原　政樹,name
小針　綾乃,name
花本　達成,name
吉橋　虹歩,name
伊達　陽向,name
高倉　紗羽,name
宮嵜　広志,name
一杉　円,name
大友　政宏,name
具志　安那,name
外薗　優也,name
吉場　千恵美,name
井元　知貴,name
奥納　彩衣,name
尾形　武志,name
下尾　美緒,name
板垣　圭一,name
舘山　真耶,name
伊勢　駿一,name
三石　莉佳子,name
伊佐　有哉,name
岩堀　良美,name
家山　賢司,name
三条　梨加,name
早野　駿太,name
高川　真梨恵,name
各務　浩平,name
越後　樹里亜,name
今屋　夏生,name
弓　知加,name
後野　敬之,name
光本　恵理子,name
山神　治,name
赤塚　沙季,name
早瀬　一,name
坂野　かなえ,name
苅部　健次,name
後瀬　安希子,name
岩坪　祥吾,name
菅原　章子,name
山瀬　久志,name
細井　いづみ,name
堅木　匠海,name
神山　梨夏,name
高原　一騎,name
家室　希海,name
山越　秀哉,name
三箇　恵里佳,name
粟根　雄士,name
花房　由貴子,name
今達　晃成,name
内山　夏樹,name
垣添　卓,name
下尾　晴菜,name
菊屋　順一,name
富永　文音,name
野崎　孝裕,name
大須賀　春奈,name
有留　宏斗,name
熊倉　紅葉,name
安食　圭司,name
近本　舞佳,name
岩城　雅浩,name
黒須　真尋,name
アグレックス,company
ジューテック,company
鈴木金属工業,company
東計電算,company
JALUX,company
JSAT,company
シチエ,company
名機製作所,company
アイエヌジー生命保険,company
アイエー,company
あいおい損害保険,company
アイ・オー・データ機器,company
愛光電気,company
アイコム,company
愛三工業,company
アイシン精機,company
アイシン・エィ・ダブリュ,company
愛知機械工業,company
アイチコーポレーション,company
アイティフォー,company
アイ・ティー・エックス,company
アイデアル,company
IDEC,company
アイネット,company
アイビー化粧品,company
アイピーエス,company
アイフル,company
アイホン,company
アイユーケー,company
アイレックス,company
アイロム,company
アイワイバンク銀行,company
アインメディカルシステムズ,company
アイ・エス・ビー,company
アイ・エックス・アイ,company
アイ・エム・アイ,company
アイ・ロジスティクス,company
葵プロモーション,company
アオキインターナショナル,company
青山商事,company
赤城乳業,company
暁飯島工業,company
赤福,company
アキレス,company
アクサ生命保険,company
ACCESS,company
アクセル,company
アグロ カネショウ,company
曙ブレーキ工業,company
アコム,company
浅香工業,company
浅田飴,company
アサツーディ・ケイ,company
アサヒ飲料,company
旭化学工業,company
旭化成,company
旭硝子,company
朝日工業社,company
朝日新聞社,company
旭情報サービス,company
旭精機工業,company
朝日生命保険,company
旭テクノグラス,company
アサヒビール,company
旭松食品,company
旭屋書店,company
朝日ラバー,company
朝日ラバー,company
アシックス,company
アシード,company
亜細亜証券印刷,company
あじかん,company
味の素,company
味の素ゼネラルフーヅ,company
アスカ,company
あすか製薬,company
アスキー,company
アスクル,company
ＡＳＴＩ,company
アステラス製薬,company
あずみ,company
アセット・マネジャーズ,company
アップガレージ,company
アップルコンピュータ,company
アツギ,company
アテナ工業,company
アディダスジャパン,company
アデコ,company
アデランス,company
アトミクス,company
アトム,company
アトラス,company
アドテック,company
アドバネクス,company
アドバンスクリエイト,company
アドバンテスト,company
穴吹興産,company
アパマンショップネットワーク,company
アビバジャパン,company
アビバジャパン,company
アビリット,company
アプラス,company
アプレック,company
アベルコ,company
アマゾンジャパン,company
アマダ,company
アマダ,company
アマテイ,company
アマノ,company
あみやき亭,company
アライドテレシスホールディングス,company
アラクス,company
新家工業,company
アリコジャパン,company
有沢製作所,company
アルゴ２１,company
アルゼ,company
アルバイトタイムス,company
アルバック,company
アルパイン,company
アルビス,company
アルプス技研,company
アルプス電気,company
アロカ,company
アロン化成,company
アヲハタ,company
アンジェス MG,company
アンデルセン,company
アントイレプランナー,company
安楽亭,company
アンリツ,company
アーク,company
アークス,company
アース製薬,company
アートコーポレーション,company
アートネイチャー,company
アーバンライフ,company
アールビバン,company
アーレスティ,company
アーレスティ,company
飯田産業,company
イエローハット,company
イオナインターナショナル,company
イオン,company
イオン,company
イオン九州,company
イカリソース,company
イクヨ,company
池上通信機,company
池田模範堂,company
石井鐵工所,company
石川島運搬械株,company
石川島播磨重工業,company
石塚硝子,company
石原産業,company
石光商事,company
いすゞ自動車,company
イズミヤ,company
伊勢丹,company
磯じまん,company
イソライト工業,company
市光工業,company
イチジク製薬,company
一高たかはし,company
壱番屋,company
イチヤ,company
井筒屋,company
井筒八つ橋,company
出光興産,company
伊藤園,company
伊藤忠エネクス,company
伊藤忠商事,company
伊藤忠食品,company
伊藤忠テクノサイエンス,company
伊藤ハム,company
イトーキ,company
イトーヨーカ堂,company
INAX,company
因幡電機,company
イノテック,company
イハラケミカル工業,company
イハラサイエンス,company
イマジニア,company
今仙電機製作所,company
井村屋製菓,company
イメージワン,company
イリソ電子工業,company
岩崎通信機,company
岩崎電気,company
岩谷産業,company
岩田屋,company
イワブチ,company
インターアクション,company
インターニックス,company
インターネット　セキュリティ　システムズ,company
インターネット総合研究所,company
インテック・ウェブ・アンド・ゲノム・インフォマティクス,company
インテリジェンス,company
インテリジェント ウェイブ,company
インテル,company
インテージ,company
インデックス,company
インパクト21,company
インフォメーション クリエーティフ゛,company
インプレス,company
インボイス,company
イー・アクセス,company
イー・エス・エス,company
ＥＭシステムズ,company
イーオン,company
ECC総本部,company
イーシー・ワン,company
Ｅストアー,company
イーター電機工業,company
イーピーエス,company
ウィルソン・ラーニング ワールドワイド,company
ウィーヴ,company
ウイング,company
ウインテスト,company
ウェラジャパン,company
日本ウェーブロックホールディングス,company
ウエスコ,company
魚力,company
ウシオ電機,company
内田洋行,company
ウッドランド,company
宇津救命丸,company
宇野澤組鐵工所,company
宇部興産,company
宇部マテリアルズ,company
ウライ,company
浦島海苔,company
雲海酒造,company
エア・ウォータ・エモト,company
エイアンドティー,company
栄研化学,company
エイケン工業,company
栄光ゼミナール,company
エイジス,company
永大化工,company
エイチ・アイ・エス,company
エイト日本技術開発（エイトコンサルタント）,company
エイブル,company
エイベックス・グループ・ホールディングス,company
エイボン・プロダクツ,company
英和,company
エクセディ,company
エクセル,company
エコス,company
エコートレーディング,company
江崎グリコ,company
ＳＲＡ,company
エスアールエル,company
SECカーボン,company
エスエスケイ,company
エスエス製薬,company
SFCG,company
ＳＭＫ,company
SMC,company
ＳＭＢＣフレンド証券,company
エスケイジャパン,company
エスケーアイ,company
エスコム,company
エステー化学,company
エステール,company
エスビーエス,company
ヱスビー食品,company
ＳＰＫ,company
エスフーズ,company
エスペック,company
エスラインギフ,company
エス・イー・エス,company
エス・バイ・エル,company
エディオン,company
エドウイン,company
エナジーサポート,company
エニシル,company
エヌアイデイ,company
ＮＥＣソフト,company
ＮＥＣトーキン,company
ＮＥＣフィールディング,company
エヌエス環境,company
NOK,company
ＮＴＮ,company
NTTデータ,company
エヌ・ティ・ティ・ドコモ,company
エネサーブ,company
エノモト,company
エバタ,company
エバラ食品工業,company
荏原製作所,company
エフアンドエム,company
エフテック,company
ＦＤＫ,company
エフピコ,company
エフワン,company
エプコ,company
エポック社,company
M I Eテクノ,company
MSC,company
エムオーテック,company
エムケー精工,company
江守商事,company
エリアクエスト,company
エルゴ・ブレインズ,company
LG電子ジャパン,company
エルメ,company
エンチョー,company
遠藤製作所,company
エンプラス,company
エン・ジャパン,company
AIGエジソン生命保険,company
エー・アンド・アイ　システム,company
エーアンドエーマテリアル,company
エーエム・ピーエム・ジャパン,company
AOCホールディングス,company
エーザイ,company
エージーピー,company
エース,company
エース交易,company
エースコック,company
エース損害保険,company
エーティーエルシステム,company
エー・アンド・アイ システム,company
エー・アンド・デイ,company
尾家産業,company
オイレス工業,company
王将フードサービス,company
旺文社,company
近江兄弟社,company
応技術,company
大木,company
大倉工業,company
大阪製,company
大隈豊和機械,company
大関,company
オオゼキ,company
太田胃散,company
大塚家具,company
大塚商会,company
大塚食,company
大塚薬,company
大林組,company
大森屋,company
岡三ホールディングス,company
岡藤ビジネスサービス,company
岡野バルブ製造,company
岡部,company
岡村製作所,company
岡谷電機産業,company
沖電気工業,company
沖電線,company
小倉クラッチ,company
オザキ軽化学,company
オタフクソース,company
小田急電鉄,company
小田急百貨店,company
小田原エンジニアリング,company
越智産業,company
オッペン化粧品,company
小野建,company
小野産業,company
小野薬品工業,company
オハヨー乳業,company
オプテックス,company
オプト,company
オムロン,company
おやつカンパニー,company
オリエンタル建設,company
オリエンタル酵母工業,company
オリエンタルコンサルタンツ,company
オリエントコーポレーション,company
オリオンビール,company
オリジン電気,company
オリジン東秀,company
オリックス,company
オリックス生命保険,company
オリバー,company
オリンパス,company
オリンピック,company
オルガノ,company
オルファ,company
オレンジフードコート,company
オンキヨー,company
オンコセラピー・サイエンス,company
音通,company
オンワード樫山,company
オーエス,company
オーエスジー,company
オーエムエムジー,company
オーエムシーカード,company
オーエー・システム・プラザ,company
オークネット,company
オークマ,company
オータケ,company
オーデリック,company
オートウェーブ,company
オートバックスセブン,company
オーナンバ,company
オーネックス,company
オーハシテクニカ,company
オーミケンシ,company
オー・エイチ・ティー,company
カイゲン,company
貝印,company
カウボーイ,company
花王,company
加賀電子,company
柿安本店,company
カクダイ製菓,company
科研製薬,company
カゴメ,company
河西工業,company
カシオ計算機,company
カシオマイクロニクス,company
菓匠三全,company
鹿島建設,company
春日井製菓,company
春日電機,company
カスミ,company
家族亭,company
カテナ,company
加ト吉,company
角川書店,company
角川ホールディングス,company
かどや製油,company
カナデン,company
カナモト,company
カナレ電気,company
カネカ,company
カネソ,company
カネテツデリカフーズ,company
兼房,company
カネボウ,company
カネ美食品,company
カノークス,company
カフェグローブ・ドット・コム,company
カプコン,company
上組,company
カメイ,company
亀田製菓,company
亀屋万年堂,company
カヤバ工業,company
カラカミ観光,company
カルソニックカンセイ,company
カルチュア・コンビニエンス・クラブ,company
カルビー,company
カルピス,company
カルラ,company
河合楽器製作所,company
川上塗料,company
川口化学工業,company
川崎化成工業,company
川崎汽船,company
川崎近海汽船,company
川崎重工業,company
川重防災工業,company
川重冷熱工業,company
川澄化学工業,company
カワタ,company
川田工業,company
河田,company
カワチ薬品,company
カワニシホールディングス,company
川辺,company
川本産業,company
関西ペイント,company
カンダコ−ポレ−ション,company
関東自動車工業,company
かんなん丸,company
カンロ,company
カーディナル,company
カーマ,company
学習研究社,company
学情,company
学生援護会,company
ガリバーインターナショナル,company
元旦ビューティ工業,company
ガーラ,company
菊川鉄工所,company
菊水化学工業,company
菊水電子工業,company
菊池プレス工業,company
菊正宗酒造,company
キグナス石油,company
黄桜酒造,company
木曽路,company
北川工業,company
北川精機,company
株式会社BSNアイネット,company
NTTコミュニケーション株式会社,company
SCSK株式会社,company
Sky株式会社,company
株式会社アイビーシステム,company
アサクラソフト株式会社,company
アマノ株式会社,company
株式会社イーシステム,company
株式会社イノービア,company
株式会社インテック,company
株式会社エディックワークス,company
株式会社エヌエスケイ,company
エムオーテックス株式会社,company
応研株式会社,company
株式会社オービックビジネスコンサルタント,company
株式会社玉川堂,company
株式会社建設システム,company
コクヨ北陸新潟販売株式会社,company
株式会社コンピューターシステム研究所,company
サイオステクノロジー株式会社,company
サイボウズ株式会社,company
株式会社ジェイ・エス・エス,company
株式会社システムウェーブ,company
株式会社システムリサーチ,company
シスコシステムズ合同会社,company
シャープマーケティングジャパン株式会社,company
株式会社鈴木コーヒー,company
株式会社ソルメディエージ,company
ダイキンHVACソリューション新潟株式会社,company
株式会社ダイレクトジャパン,company
株式会社ディーエスブランド,company
株式会社ドッドウエルビー・エム・エス,company
トレンドマイクロ株式会社,company
日経マシナリー株式会社,company
日本ヒューレット・パッカード株式会社,company
株式会社ネオジャパン,company
ピー・シー・エー株式会社,company
ピツニーボウズジャパン株式会社,company
福井コンピュータ株式会社,company
福井コンピュータアーキテクト株式会社,company
株式会社富士通パーソナルズ,company
プラス株式会社ジョインテックスカンパニー,company
株式会社プリンストン,company
株式会社ブロードリーフ,company
株式会社文武堂,company
三井情報株式会社,company
株式会社ワイズマン,company
リコーインダストリー株式会社,company
株式会社リコー,company
福井県小浜市下加斗1-18下加斗ハイツ305,address
秋田県横手市安本1-4-19,address
山形県村山市楯岡馬場,address
長崎県雲仙市瑞穂町西郷辛1-14-3,address
三重県志摩市大王町名田3-16,address
新潟県五泉市暮坪3-12-5暮坪テラス317,address
富山県中新川郡立山町四谷尾2-15-4四谷尾ダイヤモンド406,address
愛知県名古屋市北区若鶴町3-11-1,address
和歌山県和歌山市永山3-20-14,address
宮城県大崎市岩出山上金沢1-1,address
福島県福島市宮下町3-10-16ハウス宮下町317,address
群馬県前橋市南町2-15,address
茨城県日立市相賀町4-10,address
長野県長野市川中島町上氷鉋4-1-16キャッスル川中島町上氷鉋406,address
宮城県仙台市太白区大野田4-4,address
鹿児島県大島郡伊仙町喜念3-13-5,address
宮崎県延岡市北浦町三川内1-9北浦町三川内荘315,address
福島県南相馬市小高区神山4-3-18パレス小高区神山407,address
大分県佐伯弥生提内3-17-17,address
奈良県生駒郡平群町梨本4-19-12ステージ梨本301,address
神奈川県三浦市初声町下宮田3-4初声町下宮田グランド414,address
山梨県山梨市牧丘町隼4-9-4,address
青森県上北郡東北町萌出道ノ下3-1-7,address
和歌山県田辺市小谷2-8,address
石川県輪島市門前町木原月3-6-3,address
長野県茅野市宮川3-2-15キャッスル宮川119,address
京都府京都市西京区山田庄田町1-8-13,address
鹿児島県奄美市名瀬鳩浜町2-1-5,address
京都府京都市伏見区深草笹山町4-16-13,address
高知県高岡郡檮原町久保谷1-4-15,address
福島県福島市八島田3-13-14,address
埼玉県さいたま市浦和区針ヶ谷1-8-7,address
石川県輪島市門前町薄野2-1-9,address
佐賀県西松浦郡有田町北ノ川内2-4-17,address
山梨県韮崎市穂坂町上今井2-2-6,address
石川県小松市蛭川町2-15,address
高知県吾川郡仁淀川町川内谷2-13-3川内谷レジデンス108,address
長崎県佐世保市宮崎町4-7-8プラチナ宮崎町312,address
福井県あわら市中川2-2-18中川キャッスル104,address
京都府京都市伏見区島津町1-7-13プレイス島津町300,address
0968731613,phone number
0896390693,phone number
0525305596,phone number
0988069697,phone number
0440072396,phone number
0980009561,phone number
0339654503,phone number
0583735815,phone number
0740269893,phone number
0231441079,phone number
0886051995,phone number
0922111588,phone number
0497386948,phone number
0558228612,phone number
0263596228,phone number
0317828805,phone number
0740588976,phone number
0744040624,phone number
0791297568,phone number
0840783639,phone number
0786675449,phone number
0977547094,phone number
0857046098,phone number
098337199,phone number
0964149252,phone number
0988478866,phone number
0580592216,phone number
0871293993,phone number
0557111727,phone number
0891910177,phone number
0583723103,phone number
0269627318,phone number
0189196539,phone number
0749204515,phone number
0312878637,phone number
0370447855,phone number
0266834682,phone number
0525014405,phone number
044125111,phone number
0248566444,phone number
0176751193,phone number
0963092718,phone number
0959940002,phone number
077183176070,phone number
0787429310,phone number
0892525382,phone number
088551594,phone number
076378471,phone number
0956843675,phone number
0783773484,phone number
〒898-0088,postal code
〒409-3103,postal code
〒313-0047,postal code
〒930-3211,postal code
〒989-0272,postal code
〒976-0011,postal code
038-2411,postal code
〒231-0063,postal code
〒100-0006,postal code
584-0081,postal code
764-0031,postal code
299-3219,postal code
851-2108,postal code
872-0673,postal code
652-0805,postal code
〒382-0836,postal code
〒691-0043,postal code
〒814-0177,postal code
〒918-8012,postal code
662-0075,postal code
近藤 孔明,name
加藤 清史郎,name
鈴木 福,name
濱田 龍臣,name
寺田 心,name
福士 蒼汰,name
三浦 春馬,name
本郷 奏多,name
神木 隆之介,name
染谷 将太,name
池松 壮亮,name
中村 蒼,name
林 遣都,name
柳楽 優弥,name
須賀 健太,name
山崎 賢人,name
中川 大志,name
吉沢 亮,name
新田 真剣佑,name
山田 孝之,name
市原 隼人,name
綾野 剛,name
向井 理,name
小栗 旬,name
玉山 鉄二,name
藤原 竜也,name
大東 駿介,name
山本 裕典,name
三浦 翔平,name
佐藤 健,name
水嶋 ヒロ,name
溝端 淳平,name
松坂 桃李,name
岡田 将生,name
松田 龍平,name
松田 翔太,name
佐藤 隆太,name
塚本 高史,name
成宮 寛貴,name
斎藤 工,name
要 潤,name
松山 ケンイチ,name
妻夫木 聡,name
瑛太,name
玉木 宏,name
小出 恵介,name
窪田 正孝,name
中尾 明慶,name
高岡 奏輔,name
勝地 涼,name
高良 健吾,name
森山 未來,name
桐谷 健太,name
忍成 修吾,name
伊藤 淳史,name
平岡 祐太,name
濱田 岳,name
瀬戸 康史,name
鈴木 亮平,name
浅利 陽介,name
千葉 雄大,name
青木 崇高,name
西島 秀俊,name
伊勢谷 友介,name
大泉 洋,name
浅野 忠信,name
竹野内 豊,name
反町 隆史,name
堺 雅人,name
阿部 サダヲ,name
谷原 章介,name
坂口 憲二,name
伊藤 英明,name
岡田 義徳,name
小澤 征悦,name
吉岡 秀隆,name
長谷川 博己,name
宮藤 官九郎,name
加瀬 亮,name
藤木 直人,name
小泉 孝太郎,name
山本 耕史,name
大森 南朋,name
筒井 道隆,name
真田 広之,name
大沢 たかお,name
唐沢 寿明,name
江口 洋介,name
織田 裕二,name
香川 照之,name
緒形 直人,name
佐々木 蔵之介,name
阿部 寛,name
北村 一輝,name
遠藤 憲一,name
中井 貴一,name
佐藤 浩市,name
堤 真一,name
加藤 雅也,name
内野 聖陽,name
寺島 進,name
永瀬 正敏,name
古田 新太,name
杉本 哲太,name
沢村 一樹,name
上川隆也,name
椎名 桔平,name
渡部 篤郎,name
柳葉 敏郎,name
哀川 翔,name
豊川 悦司,name
高橋 克典,name
仲村 トオル,name
豊原 功補,name
西村 雅彦,name
東 幹久,name
及川 光博,name
田辺 誠一,name
石黒 賢,name
鶴見 辰吾,name
岸谷 五郎,name
伊原 剛志,name
松重 豊,name
 安達 太亮,name
渡辺 謙,name
大杉 漣,name
役所 広司,name
三浦 友和,name
松平 健,name
草刈 正雄,name
柴田 恭兵,name
水谷 豊,name
陣内 孝則,name
奥田 瑛二,name
舘 ひろし,name
神田 正輝,name
鹿賀 丈史,name
片岡 鶴太郎,name
石田 純一,name
大杉 漣,name
松田 優作,name
市村 正親,name
田村 正和,name
北大路 欣也,name
渡 哲,name
津川 雅彦,name
西田 敏行,name
松方 弘樹,name
風間 杜夫,name
武田 鉄矢,name
柄本 明,name
笹野 高史,name
古谷 一行,name
高橋 英樹,name
長塚 京三,name
蟹江 敬三,name
杉 良太郎,name
平泉 成,name
中尾 彬,name
小林 稔侍,name
藤 竜也,name
高倉 健,name
石原 裕次郎,name
千葉 真一,name
緒形 拳,name
小林 旭,name
里見 浩太朗,name
菅原 文太,name
梅宮 辰夫,name
加山 雄三,name
山崎 努,name
仲代 達矢,name
田中 邦衛,name
岡田 眞澄,name
宇津井 健,name
児玉 清,name
渥美 清,name
三國 連太郎,name
芦田 愛菜,name
本田 望結,name
谷 花音,name
小林 星蘭,name
八木 優希,name
石井 萌々果,name
春名 風花,name
能年 玲奈,name
橋本 愛,name
武井 咲,name
成海 璃子,name
川島 海荷,name
北乃 きい,name
志田 未来,name
吉岡 里帆,name
広瀬 すず,name
黒木 華,name
土屋 太鳳,name
大政 絢,name
谷村 美月,name
忽那 汐里,name
岡本 玲,name
剛力 彩芽,name
川口 春奈,name
二階堂 ふみか,name
小島 藤子,name
南沢 奈央,name
福田 沙紀,name
桜庭 ななみ,name
有村 架純,name
足立 梨花,name
本田 翼,name
瀧本 美織,name
福田 麻由子,name
美山 加恋,name
大橋 のぞみ,name
門脇 麦,name
大後 寿々花,name
森迫 永依,name
大原 櫻子,name
小松 菜奈,name
西内 まりや,name
高畑 充希,name
上白石 萌音,name
綾瀬 はるか,name
深田 恭子,name
上戸 彩,name
多部 未華,name
石原 さとみ,name
堀北 真希,name
宮崎 あおい,name
長澤 まさみ,name
吉高 由里子,name
相武 紗季,name
榮倉 奈々,name
戸田 恵梨香,name
新垣 結衣,name
上野 樹里,name
仲 里依紗,name
貫地谷 しほり,name
北川 景子,name
井上 真央,name
満島 ひかり,name
吹石 一恵,name
真木 よう子,name
水川 あさみ,name
比嘉 愛未,name
広末 涼子,name
加藤 あい,name
黒木 メイサ,name
蒼井 優,name
沢尻 エリカ,name
松下 奈緒,name
本仮屋 ユイカ,name
倉科 カナ,name
芦名 星,name
滝沢 沙織,name
宮地 真緒,name
池脇 千鶴,name
市川 由衣,name
田畑 智子,name
尾野 真千子,name
桐谷 美玲,name
栗山 千明,name
竹内 結子,name
香椎 由宇,name
伊藤 歩,name
田中 麗奈,name
内山 理名,name
菊地 凛子,name
星野 真里,name
佐々木 希,name
安達 祐実,name
木村 文乃,name
臼田 あさ美,name
仲間 由紀恵,name
木村 多江,name
小西 真奈美,name
松嶋 菜々子,name
国仲 涼子,name
松雪 泰子,name
檀 れい,name
水野 美紀,name
麻生 久美子,name
常盤 貴子,name
菅野 美穂,name
内田 有紀,name
篠原 涼子,name
永作 博美,name
深津 絵里,name
中谷 美紀,name
矢田 亜希子,name
藤原 紀香,name
瀬戸 朝香,name
吉瀬 美智子,name
鶴田 真由,name
和久井 映見,name
観月 ありさ,name
長谷川 京子,name
高橋 由美子,name
宮沢 りえ,name
紺野 まひる,name
釈 由美子,name
吉田 羊,name
木村 佳乃,name
白石 美帆,name
稲森 いずみ,name
市川 実日子,name
市川 実和子,name
本上 まなみ,name
坂井 真紀,name
松 たか子,name
中越 典子,name
西田 尚美,name
米倉 涼子,name
戸田 菜穂,name
牧瀬 里穂,name
高島 礼子,name
天海 祐希,name
黒木 瞳,name
石田 ゆり子,name
夏川 結衣,name
薬師丸 ひろ子,name
原田 知世,name
真矢 みき,name
松下 由樹,name
山口 智子,name
鈴木 保奈美,name
小林 聡美,name
鈴木 杏樹,name
斉藤 由貴,name
江角 マキコ,name
大塚 寧々,name
鈴木 京香,name
藤谷 美和子,name
富田 靖子,name
飯島 直子,name
有森 也実,name
安田 成美,name
川上 麻衣子,name
沢口 靖子,name
手塚 理美,name
岸本 加世子,name
夏目 雅子,name
松坂 慶子,name
樋口 可南子,name
古手川 祐子,name
かたせ 梨乃,name
大竹 しのぶ,name
由美 かおる,name
田中 美佐子,name
古手川 祐子,name
室井 滋,name
田中 裕子,name
竹下 景子,name
吉永 小百合,name
阿木 燿子,name
岩下 志麻,name
加賀 まりこ,name
中村 玉緒,name
野際 陽子,name
八千草 薫,name