0783773486,phone number
青山商事,company
カナレ電気,company
ニシヤマ ヒロノブ,name
ファックス　0783773492,phone number
Tanigawa Kousuke,name
0339654539,phone number
エルメ,company
花房　由貴子,name
〒898-0107,postal code
Katagiri Kanako,name
エーザイ,company
MOBILE 0176751209,phone number
三重県志摩市大王町名田3-16,address
Fukui Prefecture Fukui City 1-10 Ikuno-cho Maison Ikuno-machi 216,address
0963092721,phone number
ウイング,company
堤 真一,name
役所 広司,name
〒976-0060,postal code
0317828805,phone number
299-3267,postal code
〒976-0026,postal code
〒930-3269,postal code
青森県上北郡東北町山ノ下2-9-20山ノ下ドリーム106,address
太田胃散,company
〒976-0089,postal code
TEL 0323472379,phone number
春名 風花,name
エネサーブ,company
イヌイ ヨシオ,name
携帯　0922111608,phone number
福井県福井市舟橋新4-10-5,address
オリエントコーポレーション,company
Agatsuma Yoshio,name
〒930-3268,postal code
シマムラ コウイチロウ,name
ガーラ,company
山口県美祢市美東町大田3-18美東町大田アパート417,address
0964149266,phone number
0840783643,phone number
299-3286,postal code
〒930-3276,postal code
科研製薬,company
アマテイ,company
〒100-0072,postal code
0231441083,phone number
川辺,company
アイピーエス,company
常盤 貴子,name
Fukui Prefecture Fukui City Funabashi New 4-10-5,address
エコートレーディング,company
岩崎電気,company
〒100-0061,postal code
Phone 0339654523,phone number
PHONE 0176751253,phone number
モトヤマ ミホコ,name
井上 真央,name
オンワード樫山,company
0339654509,phone number
カゴメ,company
"3-10-16 Miyashita cho, Fukushima-shi, Fukushima-shi House Miyashita cho 317",address
ヤブキ　アキ,name
"1-5-3 Yaesu, Chuo-ku, Tokyo",address
岩崎通信機,company
299-3226,postal code
平泉 成,name
マツカワ　ヒデヒコ,name
0231441091,phone number
088551594,phone number
〒313-0047,postal code
MOBILE 0176751229,phone number
〒100-0083,postal code
〒100-0070,postal code
クロサワ　ヨウイチ,name
〒100-0053,postal code
後野　敬之,name
MSC,company
〒898-0153,postal code
PHONE 0176751233,phone number
岩谷産業,company
0959940002,phone number
Tsuchiya Mizuki,name
ヤマネ テツシ,name
0339654530,phone number
今屋　夏生,name
0988069705,phone number
徳島県吉野川市山川町黒岩4-17-10,address
ファックス　0783773503,phone number
福島県南相馬市小高区神山4-3-18パレス小高区神山407,address
イクヨ,company
中尾 彬,name
〒100-0025,postal code
カルラ,company
Akita prefecture Yokote-shi Yasumoto 1-4-19,address
伊原 剛志,name
リコーインダストリー株式会社,company
0964149258,phone number
エイアンドティー,company
鹿児島県大島郡伊仙町喜念3-13-5,address
Aoyama Kazuko,name
ファックス　0783773497,phone number
アイワイバンク銀行,company
イオン,company
セキネ　キンジ,name
〒930-3256,postal code
299-3231,postal code
福岡県福岡市城南区干隈1-1-11,address
岡谷電機産業,company
"2-1-5 Nagase Hatakeama-cho Amami-shi, Kagoshima prefecture",address
エー・アンド・アイ　システム,company
TEL 0323472345,phone number
エムケー精工,company
山梨県甲府市住吉本町,address
0988069710,phone number
0744040630,phone number
アパマンショップネットワーク,company
市川 実和子,name
〒930-3218,postal code
299-3270,postal code
ＮＥＣフィールディング,company
〒930-3251,postal code
広瀬 すず,name
スエヨシ マサトシ,name
内山　夏樹,name
PHONE 0176751260,phone number
Matsuzaki Saaya,name
Kita Nana,name
松下 奈緒,name
Satake Kazumi,name
"Ichihara-shi, Ishigami, Chiba 2-14-3",address
株式会社ソルメディエージ,company
アイ・エス・ビー,company
伊藤 淳史,name
豊原 功補,name
奈良県桜井市横柿1-6-17横柿レジデンス304,address
〒100-0067,postal code
299-3234,postal code
京都市下京区烏丸通七条下ル 東塩小路町 721-1,address
299-3287,postal code
アーレスティ,company
奥納　彩衣,name
MOBILE 0176751231,phone number
黒木 華,name
渡 哲,name
0231441082,phone number
タジリ ノブアキ,name
〒100-0036,postal code
千葉県成田市東和田1-6,address
浅野 忠信,name
PHONE 0176751269,phone number
株式会社文武堂,company
0963092725,phone number
0963092724,phone number
0964149256,phone number
石黒 賢,name
木村 文乃,name
桐谷 健太,name
NTTコミュニケーション株式会社,company
"1-8-13 Yamada Shoda cho, Nishikyo-ku, Kyoto-shi, Kyoto",address
299-3266,postal code
0964149260,phone number
〒930-3248,postal code
石原 裕次郎,name
臼田 あさ美,name
Kyoto Prefecture Kyoto City 1-7-13 Shimazu-machi Fushimi-ku Place Shimazu-machi 300,address
手塚 理美,name
黒須　真尋,name
Matsuno Ryuukou,name
携帯　0922111606,phone number
Nakajima Miyuki,name
〒976-0083,postal code
Mochizuki Hideko,name
オリックス生命保険,company
〒100-0031,postal code
イエローハット,company
0744040640,phone number
浅田飴,company
0744040654,phone number
関西ペイント,company
299-3242,postal code
MOBILE 0176751218,phone number
株式会社ドッドウエルビー・エム・エス,company
〒976-0069,postal code
〒930-3260,postal code
電話　0968731622,phone number
松雪 泰子,name
299-3269,postal code
電話　0968731617,phone number
〒898-0150,postal code
福島県東白川郡棚倉町流3-2-11流コンフォート105,address
〒898-0171,postal code
鈴木金属工業,company
市光工業,company
ナカオ トメコ,name
緒形 直人,name
竹下 景子,name
Oita Prefecture Oita Prefecture Miyakochi Highland 1-14-20,address
ＳＰＫ,company
ウシオ電機,company
ファックス　0783773490,phone number
本田 翼,name
綾瀬 はるか,name
〒100-0085,postal code
アップガレージ,company
〒930-3267,postal code
モモセ ミチヨ,name
Yamagata Prefecture Murayama City Shishokobahaba,address
カルビー,company
Oka Keiichi,name
早野　駿太,name
アシード,company
〒976-0029,postal code
〒898-0134,postal code
鈴木 亮平,name
ジューテック,company
Kamamoto Prefecture Amakusa City Castle Town 2-7 Castle Town Stage 304,address
伊藤 歩,name
竹内 結子,name
携帯　0922111607,phone number
Takahara Yuuki,name
アルビス,company
TEL 0323472358,phone number
エノモト,company
小林 稔侍,name
インターネット　セキュリティ　システムズ,company
イリソ電子工業,company
0231441095,phone number
〒898-0179,postal code
大分県佐伯弥生提内3-17-17,address
Miyazaki Prefecture Nobeoka City Kitaura Town 1-9 Mikawauchi 1 Kitaura Town Mikawauchoso 315,address
ファックス　0783773496,phone number
コクヨ北陸新潟販売株式会社,company
大杉 漣,name
PHONE 0176751248,phone number
東京都中央区八重洲1-5-3,address
アイユーケー,company
〒100-0081,postal code
光本　恵理子,name
TEL 0323472352,phone number
FAX 0323472333,phone number
インテージ,company
カルチュア・コンビニエンス・クラブ,company
渡部 篤郎,name
〒898-0131,postal code
〒976-0017,postal code
PHONE 0176751272,phone number
黄桜酒造,company
西島 秀俊,name
〒930-3254,postal code
インテリジェント ウェイブ,company
桐谷 美玲,name
0339654523,phone number
〒100-0076,postal code
梅宮 辰夫,name
Kawamura Yuuji,name
桜庭 ななみ,name
小田原エンジニアリング,company
Kochi Prefecture Nagaoka-gun Ootonomachi 3-18-16 Saga Mountain Saga Sanso 215,address
長崎県雲仙市瑞穂町西郷辛1-14-3,address
0964149264,phone number
〒898-0095,postal code
〒100-0044,postal code
PHONE 0176751271,phone number
IDEC,company
中村 蒼,name
電話番号　0791297579,phone number
0964149252,phone number
0525305605,phone number
299-3252,postal code
菊池プレス工業,company
0231441084,phone number
石川県七尾市和倉町ヨ80,address
武田 鉄矢,name
0783773485,phone number
299-3296,postal code
石川県輪島市門前町薄野2-1-9,address
〒898-0126,postal code
PHONE 0176751263,phone number
0176751193,phone number
広末 涼子,name
Nara Prefecture Ikoma-shi Ikoma Tadan 3-1,address
"Tokiwa Town, Kuwana City Mie Prefecture 1-14",address
Phone 0339654514,phone number
菊地 凛子,name
0269627326,phone number
電話　0968731623,phone number
〒930-3217,postal code
〒898-0144,postal code
あじかん,company
アイ・エックス・アイ,company
ＥＭシステムズ,company
〒898-0119,postal code
北川精機,company
ウチノ　サトコ,name
原竹　貴幸,name
ヨシムラ　マサヨシ,name
寺田 心,name
弓　知加,name
宮地 真緒,name
シンドウ　トシオ,name
野崎　孝裕,name
JSAT,company
TEL 0323472360,phone number
茨城県取手市紫水3-3,address
TEL 0323472372,phone number
一高たかはし,company
因幡電機,company
アーレスティ,company
エース損害保険,company
カタヤマ　アミ,name
0269627328,phone number
谷村 美月,name
本仮屋 ユイカ,name
Ishikawa ken Tsubata-cho Onomon 3-16-12 The Mamon 216,address
0964149268,phone number
吉場　千恵美,name
高知県吾川郡仁淀川町川内谷2-13-3川内谷レジデンス108,address
0892525382,phone number
〒976-0081,postal code
0922111588,phone number
真木 よう子,name
FAX 0323472329,phone number
〒100-0018,postal code
Tokushima Prefecture Yoshinogawa City Yamakawa-cho 4-17-10 Kuroiwa,address
山本 耕史,name
〒898-0113,postal code
FAX 0323472343,phone number
"Toyama prefecture Nakanishi gun, Tateyama cho, Yotsuya 2-15-4 Yotsuo diamond 406",address
299-3283,postal code
〒976-0072,postal code
〒100-0014,postal code
"1-6 Higashiwada, Narita-shi, Chiba-ken",address
携帯　0922111601,phone number
0840783639,phone number
Ozawa Juri,name
北海道苫小牧市桜坂町4-19-16,address
Fukunaga Mizuki,name
吉岡 秀隆,name
舘 ひろし,name
〒898-0090,postal code
〒898-0169,postal code
堀北 真希,name
〒898-0165,postal code
0988069698,phone number
0787429310,phone number
アドバンテスト,company
PHONE 0176751257,phone number
坂野　かなえ,name
TEL 0323472378,phone number
長野県東御市常田4-5-3,address
オー・エイチ・ティー,company
〒976-0067,postal code
寺島 進,name
"1-13-6 Onohama cho, Chuu-ku, Kobe-shi Hyogo ken",address
Furuya Mei,name
299-3264,postal code
〒898-0101,postal code
東京都江東区牡丹3-1-15牡丹スカイ417,address
0339654524,phone number
〒976-0084,postal code
富山県中新川郡立山町四谷尾2-15-4四谷尾ダイヤモンド406,address
Tachibana Kenji,name
越後　樹里亜,name
0988069700,phone number
唐沢 寿明,name
〒930-3223,postal code
インターネット総合研究所,company
小松 菜奈,name
〒898-0161,postal code
〒898-0112,postal code
エイチ・アイ・エス,company
Ookubo Shichirou,name
〒100-0007,postal code
小栗 旬,name
0339654514,phone number
あいおい損害保険,company
0840783647,phone number
アーバンライフ,company
Aomori prefecture Aomori city Tosaki 1-16-12 Tosaki station 114 3-20-12,address
河西工業,company
アイビー化粧品,company
872-0673,postal code
0744040655,phone number
〒100-0078,postal code
戸田 恵梨香,name
〒930-3240,postal code
0231441081,phone number
Shimura Mari,name
ナガヤ　チエ,name
0988069715,phone number
井元　知貴,name
エヌアイデイ,company
山瀬　久志,name
〒898-0088,postal code
"2-4-17 in Kita-no-River within Arita-cho Nishimatsura gun, Saga prefecture",address
携帯　0922111603,phone number
大森屋,company
イトーキ,company
本上 まなみ,name
満島 ひかり,name
〒100-0021,postal code
あずみ,company
299-3238,postal code
シチエ,company
福井県あわら市中川2-2-18中川キャッスル104,address
Ootsubo Eizou,name
Shioda Motoyoshi,name
〒976-0012,postal code
0339654505,phone number
FAX 0323472344,phone number
0525305601,phone number
〒898-0130,postal code
Kubo Mikiya,name
赤城乳業,company
椎名 桔平,name
高倉　紗羽,name
FAX 0323472336,phone number
Itabashi Yasuhiko,name
カネソ,company
サイオステクノロジー株式会社,company
津川 雅彦,name
0964149259,phone number
Kitazawa Masatoshi,name
高良 健吾,name
PHONE 0176751251,phone number
エナジーサポート,company
299-3228,postal code
朝日新聞社,company
茨城県石岡市谷向町2-4-2ハウス谷向町116,address
299-3245,postal code
ダイキンHVACソリューション新潟株式会社,company
〒100-0027,postal code
アイレックス,company
神山　梨夏,name
〒100-0045,postal code
富山県中新川郡上市町栄町1-19-14栄町シティ112,address
カワチ薬品,company
Nagano Prefecture Nagano-shi Kawanakajima-cho Ueito plan 4-1-16 Castle river Nakajima cho ice top 406,address
Sagawa Rui,name
尾家産業,company
〒976-0030,postal code
赤塚　沙季,name
カヤバ工業,company
野際 陽子,name
かたせ 梨乃,name
剛力 彩芽,name
ファックス　0783773502,phone number
Miyauchi Aiko,name
三井情報株式会社,company
299-3285,postal code
阿部 サダヲ,name
倉科 カナ,name
アイダ アキラ,name
〒100-0026,postal code
Tsuchida Hina,name
千葉 雄大,name
伊勢谷 友介,name
神奈川県平塚市代官町1-5-2,address
薬師丸 ひろ子,name
雲海酒造,company
北川 景子,name
株式会社リコー,company
0744040645,phone number
インパクト21,company
Kanagawa prefecture Miura-shi Hatsutoshimachi Shimomiyada 3-4 Hatsutoshimachi Shimomiyada Ground 414,address
Hara Fumiyo,name
〒930-3213,postal code
大森 南朋,name
〒100-0071,postal code
Phone 0339654504,phone number
貫地谷 しほり,name
299-3289,postal code
エー・アンド・アイ システム,company
旭硝子,company
076378471,phone number
濱田 岳,name
PHONE 0176751265,phone number
"Okahara 2-10-7 Kawakami-cho, Takahashi-shi, Okayama-ken",address
〒898-0174,postal code
〒898-0159,postal code
〒976-0013,postal code
電話　0968731614,phone number
朝日ラバー,company
岡田 義徳,name
0744040628,phone number
青森県三沢市細谷1-16-14ヴィレッジ細谷319,address
エフワン,company
〒930-3253,postal code
0840783642,phone number
神田 正輝,name
〒930-3244,postal code
ECC総本部,company
Fukushima ken Fukushima-shi Yashima 3-13-14,address
インデックス,company
0231441083,phone number
299-3274,postal code
〒976-0082,postal code
0964149254,phone number
タワラ　ユミ,name
FAX 0323472327,phone number
堅木　匠海,name
0964149267,phone number
Ishikawa ken Nanao city Wakura cho Yo 80,address
カンロ,company
群馬県邑楽郡板倉町大蔵3-18,address
江角 マキコ,name
市川 由衣,name
Fukushima Prefecture Higashi Hirakawa gun Tanagura-machi flow 3-2-11 stream Comfort 105,address
ファックス　0783773505,phone number
宮崎 あおい,name
サワダ ケンタ,name
三条　梨加,name
〒409-3103,postal code
Kuramoto Kazuyuki,name
石塚硝子,company
芦名 星,name
岩城　雅浩,name
エイベックス・グループ・ホールディングス,company
長野県上高井郡高山村なかひら4-14-5,address
オーデリック,company
安食　圭司,name
渥美 清,name
Asami Masaharu,name
兵庫県豊岡市出石町田結庄1-13-5出石町田結庄レジデンス103,address
0339654508,phone number
〒100-0042,postal code
滝沢 沙織,name
Niimura Nobuhiko,name
〒976-0024,postal code
鈴木 京香,name
Kasai Tadayoshi,name
0963092718,phone number
〒100-0065,postal code
0269627331,phone number
0744040636,phone number
〒898-0156,postal code
0269627330,phone number
Furuichi Hiroe,name
イシイ　マナミ,name
PHONE 0176751259,phone number
Phone 0339654517,phone number
甲州　恵理,name
"3-2, Fono River Uenoki-cho in Kitahara-gun, Ehime Prefecture",address
〒976-0011,postal code
電話番号　0791297582,phone number
ニイムラ　トモコ,name
Fukushima Prefecture Minami Soma City Odaka Ward 4-3-18 Kamiyama Palace Kodaku-ku Kamiyama 407,address
タニガワ　ノブヒロ,name
0964149263,phone number
川上塗料,company
〒976-0064,postal code
アルプス技研,company
美山 加恋,name
小野産業,company
0840783659,phone number
佐々木 蔵之介,name
中尾 明慶,name
エクセディ,company
香川県観音寺市豊浜町姫浜3-10-14ヴィレッジ豊浜町姫浜401,address
〒976-0054,postal code
662-0075,postal code
吉橋　虹歩,name
藤谷 美和子,name
アカマツ　ヤスマサ,name
0525305602,phone number
アイロム,company
〒930-3282,postal code
〒898-0133,postal code
Uesugi Hideyuki,name
アステラス製薬,company
秋田県横手市安本1-4-19,address
〒898-0128,postal code
〒898-0137,postal code
PHONE 0176751279,phone number
MOBILE 0176751223,phone number
石川島運搬械株,company
〒930-3242,postal code
株式会社ジェイ・エス・エス,company
Tel 0176751206,phone number
TEL 0323472363,phone number
宮城県栗原市一迫新米3-6-2,address
Ookubo Shouji,name
652-0805,postal code
〒100-0059,postal code
加瀬 亮,name
垣添　卓,name
仲間 由紀恵,name
旭化学工業,company
PHONE 0176751236,phone number
299-3255,postal code
〒976-0027,postal code
0339654518,phone number
兵庫県神戸市中央区小野浜町1-13-6,address
藤木 直人,name
TEL 0323472366,phone number
〒898-0104,postal code
電話番号　0791297569,phone number
埼玉県さいたま市浦和区針ヶ谷1-8-7,address
アルバイトタイムス,company
〒898-0123,postal code
山梨県南アルプス市田島3-6田島ゴールデン417,address
FAX 0323472326,phone number
0963092727,phone number
貝印,company
"1-16 Daito-cho, Tsuruoka-city, Yamagata Prefecture 3-18-7 Maezawa Minamizawa, Oshu, Iwate Prefecture",address
内野 聖陽,name
マツノ シノ,name
川口化学工業,company
カルソニックカンセイ,company
伊藤忠テクノサイエンス,company
0525305604,phone number
〒898-0149,postal code
〒898-0114,postal code
FAX 0323472331,phone number
0339654520,phone number
Saitama-ken Saitama-shi Chuo-ku Shin Nakasato 4-6-7 Shin Nakazato Heights 417,address
ヱスビー食品,company
0744040635,phone number
松田 優作,name
アサヒビール,company
アテナ工業,company
〒976-0019,postal code
アディダスジャパン,company
電話番号　0791297576,phone number
0988069702,phone number
ウエスコ,company
Doi Katsumi,name
Hata Hiroko,name
遠藤製作所,company
〒100-0055,postal code
山梨県韮崎市穂坂町上今井2-2-6,address
佐々木 希,name
〒898-0089,postal code
0525305597,phone number
小西 真奈美,name
熊本県熊本市北区四方寄町1-18-10,address
プラス株式会社ジョインテックスカンパニー,company
〒976-0088,postal code
0525305598,phone number
299-3279,postal code
真矢 みき,name
エース交易,company
マツシマ ユキエ,name
西内 まりや,name
足立 梨花,name
0840783645,phone number
Ishikawa Prefecture Wajima City Monzenmachi 2 - 1 - 9,address
〒930-3264,postal code
亀屋万年堂,company
0744040652,phone number
岡村製作所,company
三重県桑名市常盤町1-14,address
Maruyama Miyako,name
音通,company
0840783654,phone number
鈴木 杏樹,name
杉本 哲太,name
アサツーディ・ケイ,company
〒976-0055,postal code
松嶋 菜々子,name
長谷川 京子,name
Phone 0339654520,phone number
〒898-0172,postal code
Yajima Riho,name
大友　政宏,name
熊本県天草市城下町2-7城下町ステージ304,address
Ootake Keiichi,name
日本ウェーブロックホールディングス,company
0744040650,phone number
Sky株式会社,company
京都府京都市伏見区南部町4-20,address
299-3282,postal code
旺文社,company
Phone 0339654507,phone number
奥田 瑛二,name
松田 翔太,name
オンキヨー,company
石田 ゆり子,name
〒930-3227,postal code
0988069712,phone number
Horikoshi Akira,name
石井鐵工所,company
〒898-0145,postal code
Tsuboi Toyoko,name
299-3222,postal code
吉瀬 美智子,name
北大路 欣也,name
Sakamoto Masahiro,name
〒231-0063,postal code
〒898-0176,postal code
TEL 0323472356,phone number
〒976-0094,postal code
インプレス,company
オプテックス,company
茨城県つくば市中東4-8-9ロイヤル中東112,address
アサクラソフト株式会社,company
和久井 映見,name
蒼井 優,name
299-3291,postal code
田辺 誠一,name
菅野 美穂,name
PHONE 0176751238,phone number
〒100-0019,postal code
〒989-0272,postal code
〒691-0043,postal code
カナモト,company
山神　治,name
田中 邦衛,name
和歌山県和歌山市永山3-20-14,address
飯田産業,company
フジザキ　キイチ,name
オリバー,company
アートネイチャー,company
株式会社システムリサーチ,company
日本ヒューレット・パッカード株式会社,company
Osaka Prefecture Osaka-shi Tennoji Ward 4-6-20 Kaikosato-cho Kurashiki Town Precious 102,address
岩坪　祥吾,name
ノジマ　クニヒト,name
Ozawa Masami,name
PHONE 0176751241,phone number
0339654531,phone number
山崎 賢人,name
Tel 0176751203,phone number
299-3223,postal code
"1-4-15 Kubotani Kusubara-machi, Takaoka-gun, Kochi prefecture",address
〒100-0033,postal code
携帯　0922111602,phone number
アマダ,company
〒976-0078,postal code
電話　0968731616,phone number
アンリツ,company
クリタ アキノリ,name
〒930-3266,postal code
香川県小豆郡土庄町馬越1-4-9,address
井筒八つ橋,company
埼玉県秩父郡皆野町上日野沢3-16-13,address
携帯　0922111593,phone number
0744040639,phone number
Fukushima ken Hoshihara Town Boseocho 4-20 Hoshihara Machiyosecho Mansion 116,address
インフォメーション クリエーティフ゛,company
〒976-0023,postal code
オオヤ　シンペイ,name
アイシン・エィ・ダブリュ,company
〒898-0180,postal code
"Kochi Prefecture, Agawa Gun, Niigo River Town 2-13-3 Kawauchiya Residence 108",address
〒976-0057,postal code
愛知機械工業,company
アークス,company
"4-20 Minami-cho, Fushimi-ku, Kyoto City, Kyoto Prefecture",address
Ikuta Hideo,name
大須賀　春奈,name
愛三工業,company
伊藤忠商事,company
芦田 愛菜,name
アトミクス,company
オオゼキ,company
〒100-0020,postal code
Takemoto Katsuo,name
イーター電機工業,company
〒100-0062,postal code
ガリバーインターナショナル,company
山梨県山梨市牧丘町隼4-9-4,address
ナイトウ アキオ,name
0988069699,phone number
エース,company
沢尻 エリカ,name
〒930-3211,postal code
"2-4-2 Tanioka cho, Ishioka-shi, Ibaraki Prefecture House Tanimicho 116",address
おやつカンパニー,company
カラカミ観光,company
〒898-0163,postal code
〒930-3214,postal code
兵庫県篠山市宮代4-15-5,address
〒100-0074,postal code
〒100-0068,postal code
山口 智子,name
0988069706,phone number
携帯　0922111604,phone number
中井 貴一,name
観月 ありさ,name
〒898-0096,postal code
Phone 0339654500,phone number
カネコ　コウキチ,name
アトラス,company
石川県河北郡津幡町御門3-16-12ザ御門216,address
三浦 翔平,name
イマジニア,company
〒976-0065,postal code
Kousaka Hitoaki,name
〒930-3220,postal code
ファックス　0783773493,phone number
アイフル,company
MOBILE 0176751227,phone number
Odaka Honoka,name
東京都港区南青山3-7-7,address
0339654534,phone number
蟹江 敬三,name
笹野 高史,name
エニシル,company
〒976-0079,postal code
国仲 涼子,name
Phone 0339654498,phone number
オリエンタル建設,company
TEL 0323472350,phone number
〒976-0080,postal code
"Saitama-ken, Saitama-shi Urawa Ward 1-8-7 Nishigaya",address
Wakayama Shinichi,name
川崎汽船,company
〒100-0032,postal code
ＡＳＴＩ,company
矢田 亜希子,name
電話番号　0791297583,phone number
Hyogo Prefecture Sasayama City Miyashiro 4-15-5,address
〒898-0110,postal code
PHONE 0176751240,phone number
MOBILE 0176751228,phone number
0339654519,phone number
PHONE 0176751266,phone number
クマクラ ノゾミ,name
0339654510,phone number
オリジン電気,company
コウベ トシオ,name
小田急電鉄,company
アントイレプランナー,company
山形県鶴岡市大東町1-16-1岩手県奥州市前沢南前沢3-18-7,address
Shizuoka prefecture Shizuoka-shi Aoi-ku Yachiyo-cho 2-2-15 Dream Yachiyo Town 300,address
タドコロ　ナツミ,name
Kitagawa Mako,name
Minato Natsuki,name
和歌山県田辺市小谷2-8,address
イズミヤ,company
〒930-3246,postal code
299-3253,postal code
アートコーポレーション,company
Phone 0339654515,phone number
0840783657,phone number
愛知県名古屋市中村区名駅南1-13,address
〒898-0139,postal code
高川　真梨恵,name
浦島海苔,company
緒形 拳,name
299-3240,postal code
Tel 0176751194,phone number
〒976-0062,postal code
株式会社エヌエスケイ,company
成宮 寛貴,name
ノハラ ゼンイチ,name
〒976-0044,postal code
カワウチ　アヤナ,name
FAX 0323472341,phone number
〒930-3236,postal code
荏原製作所,company
Aomori Prefecture Misawa City Hosoi 1-16-14 Village Hosotani 319,address
吉高 由里子,name
磯じまん,company
オンコセラピー・サイエンス,company
山梨県甲州市勝沼町菱山3-18タワー勝沼町菱山210,address
松坂 桃李,name
Takaoka Kaho,name
Phone 0339654503,phone number
花王,company
ウィルソン・ラーニング ワールドワイド,company
富山県富山市新横内町3-4-20,address
0840783641,phone number
水谷 豊,name
アルゼ,company
細井　いづみ,name
〒898-0124,postal code
エヌエス環境,company
Ibaraki Prefecture Toride Shi Shimizu 3-3,address
"Yamanoshita, Tohoku-cho, Aomori Prefecture 2-9-20 Yamanoshita Dream 106",address
〒898-0168,postal code
〒898-0135,postal code
299-3247,postal code
"Nagamura-ku Nagoya-ku Nagoya-shi, Aichi Prefecture Namonosei 1-13",address
新垣 結衣,name
シバヤマ　ヒロユキ,name
群馬県前橋市南町2-15,address
井筒屋,company
Saitama Prefecture Kumagaya-shi Mukoya 3-1-1 Mukaya Green 204,address
Nakamori Takao,name
イー・アクセス,company
〒976-0034,postal code
〒976-0015,postal code
299-3241,postal code
PHONE 0176751282,phone number
エンチョー,company
高知県高岡郡檮原町久保谷1-4-15,address
JALUX,company
エー・アンド・デイ,company
高岡 奏輔,name
愛光電気,company
アイシン精機,company
0744040626,phone number
0339654525,phone number
〒100-0041,postal code
岡田 眞澄,name
〒898-0092,postal code
株式会社ワイズマン,company
大竹 しのぶ,name
旭精機工業,company
0248566444,phone number
宮城県登米市豊里町七ツ塚1-14-19豊里町七ツ塚ガーデン314,address
新家工業,company
〒898-0111,postal code
長野県長野市川中島町上氷鉋4-1-16キャッスル川中島町上氷鉋406,address
PHONE 0176751270,phone number
0525305607,phone number
FAX 0323472338,phone number
ファックス　0783773491,phone number
Wakayama prefecture Tanabe City Kotani 2-8,address
石川県輪島市門前町木原月3-6-3,address
PHONE 0176751264,phone number
鹿児島県奄美市名瀬鳩浜町2-1-5,address
Miyagi prefecture Sendai shi city Taihaku-ku Ohnoda 4-4,address
春日井製菓,company
オーエスジー,company
"Miyagi prefecture Tomei City, Toyosato-cho 1-14-19 Toyosato-machi Natsutsuka Garden 314",address
加ト吉,company
あすか製薬,company
0963092719,phone number
香川 照之,name
タニムラ ハナ,name
本田 望結,name
イタクラ マサユキ,name
〒976-0035,postal code
0744040632,phone number
0744040631,phone number
牧瀬 里穂,name
Umezawa Yuuki,name
TEL 0323472371,phone number
アロン化成,company
MOBILE 0176751232,phone number
稲森 いずみ,name
鈴木 保奈美,name
2-2-6 Uenoi Hozakamachi Nosaki shi Yamanashi prefecture,address
川崎化成工業,company
インターアクション,company
〒930-3224,postal code
吉永 小百合,name
米倉 涼子,name
299-3251,postal code
0339654515,phone number
静岡県島田市柳町3-17-2レジデンス柳町111,address
"1-4-9 Magoshi-cho, Tonosho-cho, Azu-gun, Kagawa prefecture",address
Phone 0339654509,phone number
エーティーエルシステム,company
味の素,company
永作 博美,name
電話　0968731624,phone number
〒100-0030,postal code
東計電算,company
Phone 0339654510,phone number
SMC,company
エスエスケイ,company
家族亭,company
株式会社エディックワークス,company
藤原 紀香,name
旭化成,company
299-3276,postal code
〒930-3238,postal code
岡三ホールディングス,company
エイジス,company
0744040627,phone number
群馬県桐生市東久方町2-6-12ガーデン東久方町409,address
〒100-0077,postal code
アカイ ハルヨ,name
マキノ フウカ,name
豊川 悦司,name
Hyogo prefecture Toyooka city Izushi cho Hitomari 2-6-14 Izushi-cho Komari seaside 217,address
各務　浩平,name
佐藤 隆太,name
Higashiyama Hideo,name
埼玉県熊谷市向谷3-1-1向谷グリーン204,address
小野建,company
舘山　真耶,name
岩堀　良美,name
岸谷 五郎,name
MOBILE 0176751230,phone number
大塚家具,company
愛知県安城市高棚町4-4-13リバーサイド高棚町213,address
帰山　康生,name
川口 春奈,name
マエノ　サナ,name
ファックス　0783773488,phone number
江崎グリコ,company
"Gifu Prefecture 2-6 Funabashi-machi cho, Hashima-shi, Funabashi-machi cho, Village 318",address
Imoto Rin,name
株式会社ブロードリーフ,company
MOBILE 0176751210,phone number
小林 星蘭,name
株式会社システムウェーブ,company
AOCホールディングス,company
下尾　晴菜,name
市原 隼人,name
0339654536,phone number
伊達　陽向,name
静岡県静岡市葵区八千代町2-2-15ドリーム八千代町300,address
ＮＴＮ,company
0840783653,phone number
0964149255,phone number
アキヤマ ツネオ,name
市村 正親,name
アラガキ オサム,name
株式会社ネオジャパン,company
0744040624,phone number
0339654533,phone number
MOBILE 0176751225,phone number
アクセル,company
〒898-0157,postal code
"Fukushima Prefecture Onuma-gun, Aizu Misato-cho 3-0-2 Takada Doichi",address
エスペック,company
サガワ　ユウ,name
深津 絵里,name
シバヤマ　ケイイチ,name
英和,company
福島県伊達市保原町豊町4-20保原町豊町マンション116,address
Oita Prefecture Usuki City Osamu Usuki 72-1,address
アイティフォー,company
オザキ軽化学,company
FAX 0323472339,phone number
携帯　0922111599,phone number
0231441082,phone number
イシグロ タツヤ,name
FAX 0323472337,phone number
伊佐　有哉,name
仲村 トオル,name
299-3219,postal code
オーエムシーカード,company
Phone 0339654505,phone number
川崎重工業,company
Tel 0176751201,phone number
Sumida Haruka,name
神木 隆之介,name
"3-7-7 Minami Aoyama Minato-ku, Tokyo",address
299-3248,postal code
PHONE 0176751237,phone number
株式会社建設システム,company
Aomori Prefecture Kamikita-gun Tohoku-cho Moe Outsider Nogashima 3-1-7,address
小林 旭,name
〒976-0075,postal code
〒100-0011,postal code
オーエー・システム・プラザ,company
暁飯島工業,company
斎藤 工,name
山口県山陽小野田市叶松1-16ゴールデン叶松107,address
TEL 0323472346,phone number
株式会社ディーエスブランド,company
Chiba Prefecture Nagareyama City 4-2-14 Komagai-dai Forest of Komaki-dai 200,address
オムロン,company
オタフクソース,company
〒976-0077,postal code
〒898-0109,postal code
MOBILE 0176751224,phone number
福島県大沼郡会津美里町高田道上3-20-2,address
"4-14-5 Nakahira Takayama Village, Kamikitai-gun, Nagano Prefecture",address
ムラオカ　アイナ,name
川田工業,company
〒898-0155,postal code
エヌ・ティ・ティ・ドコモ,company
カクダイ製菓,company
FAX 0323472330,phone number
魚力,company
携帯　0922111597,phone number
葵プロモーション,company
PHONE 0176751239,phone number
愛媛県北宇和郡鬼北町父野川上3-2,address
TEL 0323472353,phone number
柿安本店,company
エクセル,company
Nagano Prefecture Nagano-shi Yasugamisato village 2-7,address
反町 隆史,name
M I Eテクノ,company
0988069711,phone number
伊藤忠食品,company
菊正宗酒造,company
PHONE 0176751249,phone number
長崎県佐世保市宮崎町4-7-8プラチナ宮崎町312,address
ヒラオカ フウカ,name
〒930-3211,postal code
エス・バイ・エル,company
MOBILE 0176751226,phone number
千葉県市原市石神2-14-3,address
石川県白山市新田町4-19-9新田町スカイ408,address
Morimoto Hinako,name
ホウジョウ　ユキ,name
携帯　0922111600,phone number
千葉 真一,name
299-3237,postal code
宇部マテリアルズ,company
タジマ　ヒサオ,name
ナカモリ　アイカ,name
0744040641,phone number
1-1-17 Tamagi Machihara gun Mie prefecture county council,address
0525305599,phone number
応技術,company
〒976-0051,postal code
Hara Masashi,name
〒898-0140,postal code
Ikeda Hina,name
能年 玲奈,name
Kyoto Prefecture Kyoto-shi Sakyo-ku Iimo-ji Temple Red Ninomiya Machi 2-17 Ichonoeji Akanomiya Machi Plaza 107,address
エフピコ,company
0744040642,phone number
山越　秀哉,name
エイボン・プロダクツ,company
仲 里依紗,name
山田 孝之,name
0744040638,phone number
オオイシ ノボル,name
〒100-0039,postal code
マツザキハルカ,name
〒898-0121,postal code
Nara prefecture Sakurai shi Yokisaki 1-6-17 Yokaki residence 304,address
福井コンピュータアーキテクト株式会社,company
"4-5-3 Tsunoda, Tohshi City, Nagano Prefecture",address
トリイ　ヒロコ,name
0840783646,phone number
0231441094,phone number
PHONE 0176751235,phone number
エスラインギフ,company
大塚食,company
川重防災工業,company
オルガノ,company
0988069709,phone number
〒898-0088,postal code
カテナ,company
Tel 0176751199,phone number
Okinawa Prefecture Kunigami gun Onna village Soraga 1-18 Segejaga apartment 400,address
南沢 奈央,name
"4-10 Aika cho, Hitachi City, Ibaraki prefecture",address
オーネックス,company
0339654512,phone number
〒976-0047,postal code
"2-10-13 Taketa-cho, Kuroishi City, Aomori Prefecture",address
尾形　武志,name
宮城県大崎市岩出山上金沢1-1,address
299-3229,postal code
〒898-0143,postal code
長谷川 博己,name
Tel 0176751195,phone number
北村 一輝,name
0339654511,phone number
栄光ゼミナール,company
携帯　0922111590,phone number
今達　晃成,name
Okayama Prefecture 2-9-9 Nakashimada Town Northern Ward Okayama City Nakashimada Town Garden 116,address
濱田 龍臣,name
大隈豊和機械,company
0339654521,phone number
〒930-3247,postal code
Kan Chisaki,name
Tel 0176751204,phone number
菊水電子工業,company
沖電線,company
Ibaraki ken Tsukuba city Middle East 4-8-9 Royal Middle East 112,address
成海 璃子,name
Hibino Hitoshi,name
〒100-0012,postal code
アベルコ,company
0783773487,phone number
後瀬　安希子,name
小出 恵介,name
八千草 薫,name
栄研化学,company
Mie Prefecture Yokkaichi City 4-11-12 Toboseifuku-cho Green Toeobo Fukucho 311,address
エスエス製薬,company
オルファ,company
シブヤ ヒロユキ,name
イソライト工業,company
Hosoya Karen,name
電話　0968731619,phone number
柴田 恭兵,name
0744040643,phone number
299-3263,postal code
299-3277,postal code
宮城県仙台市太白区大野田4-4,address
川重冷熱工業,company
PHONE 0176751284,phone number
0963092723,phone number
〒976-0058,postal code
〒930-3228,postal code
エルゴ・ブレインズ,company
宇部興産,company
〒930-3279,postal code
0840783640,phone number
株式会社BSNアイネット,company
永瀬 正敏,name
299-3272,postal code
カシオマイクロニクス,company
木村 多江,name
〒976-0016,postal code
Sakakibara Karen,name
橋本 愛,name
新田 真剣佑,name
〒976-0074,postal code
0744040633,phone number
及川 光博,name
須賀 健太,name
松田 龍平,name
菊水化学工業,company
穴吹興産,company
柳楽 優弥,name
〒930-3212,postal code
Phone 0339654521,phone number
宇津井 健,name
大関,company
新潟県五泉市暮坪3-12-5暮坪テラス317,address
〒976-0048,postal code
ヤスカワ　ミツオ,name
長野県長野市安茂里米村2-7,address
0740588976,phone number
〒898-0151,postal code
大橋 のぞみ,name
アスキー,company
ウインテスト,company
イズミ カナコ,name
アスクル,company
TEL 0323472354,phone number
Yamanashi Prefecture Minami Alps Ichidajima 3-6 Tajima Golden 417,address
エースコック,company
ＳＭＫ,company
〒976-0063,postal code
0988069714,phone number
窪田 正孝,name
0525305606,phone number
アスカ,company
有村 架純,name
タマイ カズオ,name
LG電子ジャパン,company
大倉工業,company
299-3273,postal code
PHONE 0176751254,phone number
インボイス,company
〒100-0047,postal code
要 潤,name
アルバック,company
亀田製菓,company
Miyazaki Miyazaki Municipality Municipal Gakuen Kanbakadai 1-10-12,address
オプト,company
0840783644,phone number
田中 美佐子,name
安田 成美,name
SFCG,company
Fukada Shouji,name
上白石 萌音,name
0231441079,phone number
〒898-0117,postal code
アンデルセン,company
カイゲン,company
岩田屋,company
アコム,company
〒898-0141,postal code
〒976-0020,postal code
木曽路,company
エージーピー,company
カザマ　アヤ,name
Kanagawa Prefecture 4-2 Yoshikura-cho Yokosuka City Diamond Yoshikura Town 304,address
吹石 一恵,name
ハギワラ　クニオ,name
〒930-3281,postal code
イイヅカ アミ,name
カナデン,company
〒898-0177,postal code
佐賀県西松浦郡有田町北ノ川内2-4-17,address
299-3265,postal code
PHONE 0176751285,phone number
近本　舞佳,name
アイカワ　キヨシ,name
"2-8 Nobeoka cho, Nobeoka-shi, Miyazaki",address
カネテツデリカフーズ,company
ツジモト　ユキコ,name
アサヒ飲料,company
柄本 明,name
〒898-0178,postal code
亜細亜証券印刷,company
哀川 翔,name
〒930-3222,postal code
〒898-0158,postal code
アップルコンピュータ,company
オイレス工業,company
杉 良太郎,name
0231441086,phone number
Phone 0339654519,phone number
エンプラス,company
ＳＭＢＣフレンド証券,company
エス・イー・エス,company
〒976-0050,postal code
大分県大分市宮河内ハイランド1-14-20,address
王将フードサービス,company
〒930-3252,postal code
0744040648,phone number
0744040649,phone number
"4-19-16 Okazaka-cho, Tomakomai City, Hokkaido",address
茨城県下妻市高道祖3-10-11,address
味の素ゼネラルフーヅ,company
広島県呉市豊町久比4-19,address
Kasuya Sou,name
福井県小浜市下加斗1-18下加斗ハイツ305,address
エスフーズ,company
かどや製油,company
学情,company
0964149257,phone number
〒898-0102,postal code
〒100-0058,postal code
エステー化学,company
早瀬　一,name
SCSK株式会社,company
0525305608,phone number
オレンジフードコート,company
〒930-3235,postal code
アビリット,company
高知県長岡郡大豊町佐賀山3-18-16佐賀山荘215,address
Tottori ken Iwami-gun Iwami-machi Metsuyo 2-20,address
Komori Eiko,name
中川 大志,name
Nagasaki-shi Nagasaki prefecture 1-19 Motegi-machi Precious Mogi-machi 100,address
〒100-0029,postal code
"3-11-1 Wakatsuku cho Kita-ku, Nagoya-shi, Aichi",address
〒898-0122,postal code
〒100-0088,postal code
FAX 0323472328,phone number
"Kochi Prefecture 4-11-18 Northern Town, Kochi City Royal Palace Northern Town 312",address
江守商事,company
ＮＥＣトーキン,company
イカリソース,company
玉山 鉄二,name
〒100-0079,postal code
〒100-0037,postal code
〒930-3216,postal code
カーマ,company
〒930-3272,postal code
池脇 千鶴,name
福島県福島市宮下町3-10-16ハウス宮下町317,address
オイカワ ヒロシゲ,name
0339654522,phone number
アイ・オー・データ機器,company
PHONE 0176751255,phone number
オーミケンシ,company
"3-4-20 Shinyokochi cho, Toyama city, Toyama Prefecture",address
飯島 直子,name
0339654517,phone number
エイケン工業,company
森山 未來,name
木村 佳乃,name
Phone 0339654524,phone number
斉藤 由貴,name
青森県青森市戸崎1-16-12戸崎ステーション114 3-20-12,address
Saitama Prefecture Chichibu-gun Minano-machi 3-16-13 Kami-ninzawa,address
鶴田 真由,name
0231441088,phone number
宮崎県延岡市北浦町三川内1-9北浦町三川内荘315,address
サイボウズ株式会社,company
神奈川県三浦市初声町下宮田3-4初声町下宮田グランド414,address
仲代 達矢,name
天海 祐希,name
溝端 淳平,name
0497386948,phone number
大原 櫻子,name
松坂 慶子,name
ファックス　0783773489,phone number
株式会社イーシステム,company
エディオン,company
イオン,company
エーエム・ピーエム・ジャパン,company
坂口 憲二,name
ファックス　0783773507,phone number
宮崎県延岡市行縢町2-8,address
TEL 0323472351,phone number
ＳＲＡ,company
299-3220,postal code
0988069697,phone number
PHONE 0176751268,phone number
アオノ　ルナ,name
"2-15 Hirukawa cho, Komatsu city, Ishikawa prefecture",address
神奈川県横須賀市吉倉町4-2ダイヤモンド吉倉町304,address
0339654538,phone number
〒918-8012,postal code
〒898-0100,postal code
大阪府大阪市天王寺区空清町4-6-20空清町プレシャス102,address
上野 樹里,name
0988069708,phone number
高知県高知市北端町4-11-18ロイヤルパレス北端町312,address
〒930-3275,postal code
タザワ ユキコ,name
菊屋　順一,name
菊川鉄工所,company
〒100-0009,postal code
〒898-0127,postal code
Saitou Reiko,name
菅原　章子,name
大分県臼杵市臼杵洲崎四丁目１組,address
299-3239,postal code
エスコム,company
Yamanashi Prefecture Kofu City Sumiyoshimoto cho,address
Phone 0339654513,phone number
0269627329,phone number
0263596228,phone number
〒976-0070,postal code
〒930-3231,postal code
FAX 0323472332,phone number
〒100-0016,postal code
電話　0968731613,phone number
〒930-3270,postal code
〒930-3229,postal code
TEL 0323472375,phone number
茨城県日立市相賀町4-10,address
岐阜県羽島市舟橋町本町2-6舟橋町本町ヴィレッジ318,address
Sakurai Chuuzou,name
片岡 鶴太郎,name
0339654526,phone number
加藤 清史郎,name
Takami Seiichi,name
名機製作所,company
ミサワ シゲル,name
Takemoto Mai,name
ウッドランド,company
〒976-0040,postal code
本郷 奏多,name
埼玉県さいたま市中央区新中里4-6-7新中里ハイツ417,address
0339654535,phone number
FAX 0323472325,phone number
坂井 真紀,name
ツユキ ハルエ,name
ホリエ　マサコ,name
〒100-0006,postal code
〒100-0073,postal code
0339654513,phone number
Ishikawa Prefecture Wajima City Monzenmachi 3-6-3 Kihara Mon,address
エムオーテック,company
伊藤 英明,name
〒100-0084,postal code
エスケーアイ,company
0231441085,phone number
アプレック,company
PHONE 0176751276,phone number
〒100-0063,postal code
元旦ビューティ工業,company
旭屋書店,company
大沢 たかお,name
TEL 0323472367,phone number
岡山県岡山市北区中島田町2-9-9中島田町ガーデン116,address
299-3261,postal code
〒930-3261,postal code
株式会社インテック,company
沢村 一樹,name
PHONE 0176751243,phone number
岩手県奥州市衣川富田4-13,address
FAX 0323472342,phone number
イチヤ,company
299-3225,postal code
シャープマーケティングジャパン株式会社,company
〒100-0066,postal code
中谷 美紀,name
粟根　雄士,name
〒898-0116,postal code
照井　恵利子,name
イーピーエス,company
田畑 智子,name
大木,company
アイ・ロジスティクス,company
カネボウ,company
0956843675,phone number
家室　希海,name
深田 恭子,name
原田 知世,name
鹿島建設,company
電話番号　0791297568,phone number
PHONE 0176751278,phone number
"3-18 Okura Itakura Town, Ougaku-gun, Gumma Prefecture",address
川崎近海汽船,company
福井コンピュータ株式会社,company
西田 尚美,name
〒976-0014,postal code
0744040647,phone number
0964149261,phone number
0339654527,phone number
出光興産,company
東 幹久,name
Oita Prefecture Yayoi Saeki 3-17-17 Yumeiuchi,address
オッペン化粧品,company
PHONE 0176751244,phone number
オリエンタル酵母工業,company
MOBILE 0176751216,phone number
アンジェス MG,company
旭松食品,company
〒898-0097,postal code
松重 豊,name
〒976-0031,postal code
〒100-0006,postal code
PHONE 0176751250,phone number
SECカーボン,company
藤 竜也,name
Segawa Katsuya,name
〒930-3215,postal code
Kumazawa Keiji,name
Tel 0176751200,phone number
299-3224,postal code
Takatsu Haruhiko,name
オリジン東秀,company
0922111589,phone number
アロカ,company
Nakada Mayu,name
星野 真里,name
具志　安那,name
アルパイン,company
PHONE 0176751277,phone number
〒930-3225,postal code
高橋 英樹,name
大東 駿介,name
ＮＥＣソフト,company
高島 礼子,name
Fukui Prefecture Awara City Nakagawa 2-2-18 Nakagawa Castle 104,address
戸田 菜穂,name
カンダコ−ポレ−ション,company
三浦 春馬,name
岸本 加世子,name
ファックス　0783773506,phone number
二階堂 ふみか,name
市川 実日子,name
アトム,company
Shizuoka prefecture Shimada-shi Yanagicho 3-17-2 Residence Yanagicho 111,address
古田 新太,name
Takenaka Yuika,name
東京都中央区八重洲一丁目5番3号,address
学習研究社,company
大塚薬,company
学生援護会,company
奈良県生駒市生駒台南3-1,address
近江兄弟社,company
アドテック,company
〒976-0061,postal code
Yamanashi prefecture Yamanashi city Makioka cho Hayabusa 4-9-4,address
〒930-3262,postal code
株式会社コンピューターシステム研究所,company
応研株式会社,company
"4-13 Kimikawa Tomita, Oshu, Iwate Prefecture",address
ファックス　0783773501,phone number
〒976-0037,postal code
電話番号　0791297577,phone number
MOBILE 0176751220,phone number
〒898-0098,postal code
FAX 0323472334,phone number
Tottori prefecture Tottori city Kofu cho Misaki 3-16-4,address
フナキ　コウゾウ,name
内山 理名,name
三國 連太郎,name
299-3294,postal code
851-2108,postal code
大阪製,company
長澤 まさみ,name
〒898-0173,postal code
上組,company
苅部　健次,name
MOBILE 0176751208,phone number
〒100-0023,postal code
風間 杜夫,name
小倉クラッチ,company
エフテック,company
テラオ　ナツミ,name
NOK,company
オオタケ　リュウタ,name
〒100-0056,postal code
伊勢　駿一,name
299-3278,postal code
"4-7-8 Miyazaki cho, Sasebo Nagasaki prefecture Platinum Miyazaki cho 312",address
大林組,company
トレンドマイクロ株式会社,company
壱番屋,company
アイチコーポレーション,company
岡藤ビジネスサービス,company
299-3254,postal code
0231441080,phone number
尾高　彰宏,name
299-3293,postal code
カフェグローブ・ドット・コム,company
鹿賀 丈史,name
シガ タカオ,name
Tomioka Momoko,name
〒898-0099,postal code
〒930-3259,postal code
土屋 太鳳,name
朝日生命保険,company
PHONE 0176751247,phone number
0269627327,phone number
〒976-0066,postal code
〒976-0053,postal code
カメイ,company
玉木 宏,name
299-3260,postal code
〒898-0106,postal code
"Kyoto-shi, Shimogyo-ku Karasumagu 7-chome Shimouru Higashi Salishoji-machi 721-1",address
家山　賢司,name
〒930-3221,postal code
大塚商会,company
カネ美食品,company
〒898-0120,postal code
〒930-3219,postal code
〒898-0136,postal code
299-3288,postal code
イマムラ　ヨシユキ,name
0744040624,phone number
古谷 一行,name
〒976-0091,postal code
インテリジェンス,company
福田 沙紀,name
0988069704,phone number
旭情報サービス,company
〒930-3230,postal code
〒100-0086,postal code
エイブル,company
石田 純一,name
Fukui prefecture Niu-gun Echizencho 3-24-3 Tsuchiya 419,address
〒930-3249,postal code
塚本 高史,name
Nagasaka Yuki,name
Nara Prefecture Ikoma-gun Hiragoncho Nishimoto 4-19-12 Stage Nishimoto 301,address
相武 紗季,name
0339654537,phone number
〒976-0068,postal code
299-3244,postal code
多部 未華,name
沖縄県国頭郡恩納村瀬良垣1-18瀬良垣アパート400,address
〒100-0080,postal code
富田 靖子,name
PHONE 0176751242,phone number
PHONE 0176751262,phone number
エア・ウォータ・エモト,company
福井県丹生郡越前町頭谷3-14-3頭谷庵419,address
Kamamoto Prefecture Aso-gun Sanbayama village Kamata 1-18-16 Park Kataata 101,address
朝日ラバー,company
INAX,company
PHONE 0176751275,phone number
Phone 0339654508,phone number
Phone 0339654516,phone number
Oomiya Yuuna,name
764-0031,postal code
"Koto Ward, Tokyo 3-1-15 Buddha Sky 417",address
イノテック,company
加賀 まりこ,name
〒100-0008,postal code
Sakai Shigeo,name
0840783651,phone number
Hyogo Prefecture Toyooka City Izushi Town 1-13-5 Izushi Town Tadaoso Residence 103,address
ヤマワキ カリン,name
Yamaguchi Prefecture Sanyo Onoda City Kodomatsu 1-16 Golden Kodomatsu 107,address
アイコム,company
アールビバン,company
0840783656,phone number
Mie Prefecture Shima-shi Oyou-machi Nada 3-16,address
大分県臼杵市大字臼杵72-1,address
イワブチ,company
オーハシテクニカ,company
小野薬品工業,company
TEL 0323472369,phone number
茨城県行方市小牧2-9-17,address
299-3292,postal code
TEL 0323472377,phone number
高橋 克典,name
松平 健,name
田中 裕子,name
0339654529,phone number
石原 さとみ,name
Taniuchi Yuzuki,name
電話番号　0791297572,phone number
池松 壮亮,name
カプコン,company
電話　0968731615,phone number
カワニシホールディングス,company
ハシグチ ナツミ,name
〒976-0018,postal code
Aoki Natsumi,name
Ishikawa ken Narita-cho 4-29-9 Narita-machi Sky 408,address
加藤 あい,name
〒976-0045,postal code
石光商事,company
渡辺 謙,name
クロイワ　ノブヒコ,name
Nishiguchi Michiharu,name
〒100-0060,postal code
カドタ　トシコ,name
携帯　0922111592,phone number
〒930-3263,postal code
高倉 健,name
アビバジャパン,company
MOBILE 0176751211,phone number
〒100-0035,postal code
〒100-0075,postal code
299-3221,postal code
〒100-0064,postal code
〒976-0025,postal code
0840783658,phone number
アデランス,company
紺野 まひる,name
黒木 瞳,name
ピツニーボウズジャパン株式会社,company
アルプス電気,company
〒976-0056,postal code
0840783650,phone number
筒井 道隆,name
室井 滋,name
カワシマ　トシオ,name
カノークス,company
0964149269,phone number
有留　宏斗,name
石川県小松市蛭川町2-15,address
Miyagi prefecture Kuribara shi Ichinoseki 3-6-2,address
NTTデータ,company
エーアンドエーマテリアル,company
Niigata ken Gosen building 3-12-5 Living area 3170,address
Phone 0339654501,phone number
田村 正和,name
TEL 0323472349,phone number
ウダガワ　カツアキ,name
綾野 剛,name
カワタ,company
0339654532,phone number
Tel 0176751193,phone number
エン・ジャパン,company
オークマ,company
黒木 メイサ,name
鈴木 福,name
夏目 雅子,name
Tel 0176751205,phone number
Phone 0339654511,phone number
イザワ　スズネ,name
奈良県生駒郡平群町梨本4-19-12ステージ梨本301,address
〒898-0118,postal code
白石 美帆,name
0744040644,phone number
〒930-3257,postal code
堺 雅人,name
アリコジャパン,company
〒930-3226,postal code
Umino Natsumi,name
Nagata Yuzuki,name
赤福,company
エステール,company
Gunma prefecture Kiryu city 2-6-12 Higashikubata-machi Garden Higashiku-cho 409,address
染谷 将太,name
岡本 玲,name
オチ ヒロアキ,name
Nara Prefecture Nara City Tsukigase Ishi 2 - 19 - 20 Tsukigase Ishi Park 314,address
オークネット,company
株式会社プリンストン,company
0963092728,phone number
エドウイン,company
0339654516,phone number
Yamanashi Prefecture Koshu City Katsunumachi 3-18 Higashiyama Tower Katsunuma Town Ryoshan 210,address
〒976-0049,postal code
オリンピック,company
〒100-0024,postal code
〒898-0129,postal code
エバタ,company
0231441081,phone number
0744040646,phone number
上川隆也,name
クサノ アヤカ,name
Phone 0339654518,phone number
松下 由樹,name
比嘉 愛未,name
〒382-0836,postal code
鴫原　政樹,name
PHONE 0176751246,phone number
カン テツオ,name
電話番号　0791297573,phone number
Wakayama prefecture Wakayama city Nagayama 3-20-14,address
イーシー・ワン,company
Shida Yoshio,name
299-3271,postal code
エムオーテックス株式会社,company
ウェラジャパン,company
〒976-0092,postal code
熊倉　紅葉,name
武井 咲,name
〒976-0036,postal code
Uwajima-shi Ehime Prefecture 4-14-7 Mikamicho Hoioka,address
299-3219,postal code
TEL 0323472373,phone number
〒898-0103,postal code
山本 裕典,name
0231441087,phone number
谷原 章介,name
〒898-0166,postal code
由美 かおる,name
〒100-0054,postal code
陣内 孝則,name
〒976-0032,postal code
"4-16-13 Fukusa Sasayama-cho, Fushimi-ku Kyoto City, Kyoto Prefecture",address
宮沢 りえ,name
瑛太,name
松方 弘樹,name
アキレス,company
Tamaki Seiji,name
"Kagawa Prefecture Kanonji City Toyohama cho, Himehama 3-10-14 Village Toyohama cho Himehama 401",address
0988069707,phone number
平岡 祐太,name
エバラ食品工業,company
〒930-3239,postal code
長崎県長崎市茂木町1-19プレシャス茂木町100,address
Osaka Mamoru,name
中越 典子,name
オーナンバ,company
越智産業,company
Tel 0176751196,phone number
イーオン,company
浅香工業,company
Tomioka Hiroshi,name
0339654528,phone number
0964149262,phone number
京都府京都市西京区山田庄田町1-8-13,address
〒930-3237,postal code
山梨県甲斐市団子新居1-20団子新居ランド103,address
MOBILE 0176751213,phone number
TEL 0323472347,phone number
中村 玉緒,name
タカオ　リサ,name
板垣　圭一,name
小島 藤子,name
Nagasaki prefecture Unzen city Mizuho Town West Saigo 1-14-3,address
京都府京都市上京区南兼康町2-2-2,address
MOBILE 0176751212,phone number
山形県村山市楯岡馬場,address
Phone 0339654499,phone number
Yagi Seiichirou,name
門脇 麦,name
携帯　0922111595,phone number
宮崎県宮崎市学園木花台桜1-10-12,address
TEL 0323472365,phone number
299-3250,postal code
カーディナル,company
小泉 孝太郎,name
ヤナセ　キミ,name
Nagasaki Prefecture Matsuura City Mikuri-cho Morning Sakaizaka 3-16-5,address
299-3281,postal code
京都府京都市伏見区深草笹山町4-16-13,address
"2-2-2 Minami Kanjo-cho, Kamigyo-ku, Kyoto-shi, Kyoto",address
古手川 祐子,name
永大化工,company
アグロ カネショウ,company
菓匠三全,company
オハヨー乳業,company
ニシグチ ユウリ,name
イー・エス・エス,company
0988069701,phone number
携帯　0922111598,phone number
青森県上北郡東北町萌出道ノ下3-1-7,address
川澄化学工業,company
Takefuji Yoshiki,name
長野県茅野市宮川3-2-15キャッスル宮川119,address
〒976-0073,postal code
株式会社イノービア,company
電話番号　0791297586,phone number
アグレックス,company
Yamaguchi ken Mito city Mito cho 3-18 Mito cho Ota apartment 417,address
三石　莉佳子,name
0744040651,phone number
福島県福島市八島田3-13-14,address
〒930-3274,postal code
〒930-3265,postal code
川上 麻衣子,name
〒898-0164,postal code
〒898-0115,postal code
麻生 久美子,name
電話番号　0791297570,phone number
江口 洋介,name
0525014405,phone number
アドバンスクリエイト,company
キグナス石油,company
FAX 0323472340,phone number
TEL 0323472362,phone number
アビバジャパン,company
北乃 きい,name
"1-5-2 Okinaga cho, Hiratsuka-shi, Kanagawa prefecture",address
〒898-0132,postal code
加藤 雅也,name
 安達 太亮,name
電話番号　0791297571,phone number
青木 崇高,name
299-3235,postal code
向井 理,name
〒930-3234,postal code
Furukawa Junko,name
Mizuno Takehide,name
0231441089,phone number
〒100-0038,postal code
0840783661,phone number
シイナ ワタル,name
インテル,company
福士 蒼汰,name
ファックス　0783773494,phone number
Toyama prefecture Nakasikawa-gun Kamiicho-cho 1-19-14 Sakae-cho Sakae City 112,address
〒930-3273,postal code
〒930-3280,postal code
株式会社鈴木コーヒー,company
三重県度会郡玉城町原1-1-17,address
勝地 涼,name
岡野バルブ製造,company
岡部,company
MOBILE 0176751221,phone number
携帯　0922111591,phone number
携帯　0922111609,phone number
アイホン,company
忍成 修吾,name
Kurata Sawa,name
〒898-0170,postal code
オータケ,company
ニシノ　タカシ,name
福井県福井市生野町1-10メゾン生野町216,address
〒898-0142,postal code
キタダ タケト,name
熊本県阿蘇郡産山村片俣1-18-16パーク片俣101,address
安楽亭,company
吉岡 里帆,name
TEL 0323472374,phone number
0339654507,phone number
〒976-0076,postal code
栗山 千明,name
高畑 充希,name
ファックス　0783773500,phone number
0988069713,phone number
上戸 彩,name
Phone 0339654525,phone number
エフアンドエム,company
山口県岩国市楠町4-7-13楠町ダイヤモンド114,address
〒100-0013,postal code
電話　0968731620,phone number
エコス,company
水嶋 ヒロ,name
MOBILE 0176751222,phone number
299-3236,postal code
石井 萌々果,name
TEL 0323472368,phone number
〒100-0087,postal code
〒898-0160,postal code
0744040653,phone number
かんなん丸,company
"1-1-11 Shimonuma, Seongnam-gu, Fukuoka city, Fukuoka prefecture",address
オーエス,company
佐藤 健,name
安達 祐実,name
0744040625,phone number
MOBILE 0176751214,phone number
アイ・エム・アイ,company
Teramoto Aika,name
キハラ　ミオ,name
0963092718,phone number
釈 由美子,name
299-3232,postal code
携帯　0922111594,phone number
〒976-0093,postal code
0840783660,phone number
アマゾンジャパン,company
あみやき亭,company
0988069703,phone number
Sekimoto Hiroshi,name
電話番号　0791297585,phone number
〒898-0175,postal code
榮倉 奈々,name
〒100-0049,postal code
044125111,phone number
Matsunaga Masanori,name
"Yaesu 1-chome No. 5 No. 3, Chuo-ku, Tokyo",address
樋口 可南子,name
岩下 志麻,name
オリックス,company
Phone 0339654512,phone number
河田,company
〒100-0028,postal code
青森県黒石市竹田町2-10-13,address
〒100-0040,postal code
PHONE 0176751280,phone number
草刈 正雄,name
アマダ,company
アセット・マネジャーズ,company
TEL 0323472359,phone number
0963092722,phone number
〒976-0085,postal code
ウライ,company
イトーヨーカ堂,company
0840783649,phone number
Yanagisa waSuzuka,name
アース製薬,company
アマノ株式会社,company
Phone 0339654502,phone number
Hayashida Yuuna,name
アイエー,company
Takao Yuujirou,name
〒976-0033,postal code
〒100-0052,postal code
Phone 0339654522,phone number
アルゴ２１,company
Ishino Shizue,name
0744040629,phone number
エスビーエス,company
遠藤 憲一,name
〒898-0125,postal code
ファックス　0783773504,phone number
西村 雅彦,name
有沢製作所,company
〒898-0138,postal code
伊藤ハム,company
299-3280,postal code
Ibaraki prefecture Shimotsumichi Takamado 3-10-11,address
伊藤忠エネクス,company
携帯　0922111605,phone number
株式会社玉川堂,company
TEL 0323472370,phone number
Okuno Nobuhiko,name
PHONE 0176751273,phone number
"Kumamoto Prefecture Kumamoto-shi Kita-ku, Shimoda-cho 1-18-10",address
〒898-0105,postal code
アヲハタ,company
〒100-0048,postal code
299-3227,postal code
石原産業,company
水野 美紀,name
鳥取県岩美郡岩美町網代2-20,address
アライドテレシスホールディングス,company
イチジク製薬,company
〒100-0050,postal code
伊藤園,company
兼房,company
Tashiro Ayana,name
川島 海荷,name
カウボーイ,company
0339654506,phone number
尾野 真千子,name
阿部 寛,name
0964149265,phone number
忽那 汐里,name
シスコシステムズ合同会社,company
近藤 孔明,name
PHONE 0176751267,phone number
〒976-0011,postal code
アデコ,company
オートバックスセブン,company
〒976-0046,postal code
〒930-3232,postal code
〒976-0028,postal code
福田 麻由子,name
0963092720,phone number
富永　文音,name
エリアクエスト,company
〒100-0057,postal code
0231441092,phone number
小田急百貨店,company
ミヤモト ハルナ,name
ファックス　0783773499,phone number
299-3258,postal code
オオクラ カズマサ,name
077183176070,phone number
吉沢 亮,name
里見 浩太朗,name
エイト日本技術開発（エイトコンサルタント）,company
株式会社富士通パーソナルズ,company
299-3259,postal code
スギタ　マオ,name
大杉 漣,name
株式会社アイビーシステム,company
"Kagoshima prefecture Oshima-gun, Ise-machi Kineni 3-13-5",address
0525305596,phone number
角川ホールディングス,company
今仙電機製作所,company
内田洋行,company
オリオンビール,company
アツギ,company
Yamaguchi Prefecture 4-7-13 Kusunomachi Iwakuni-shi Kusun cho Diamond 114,address
〒898-0148,postal code
0525305600,phone number
〒898-0147,postal code
PHONE 0176751252,phone number
株式会社ダイレクトジャパン,company
宮崎　あゆ美,name
0339654540,phone number
高原　一騎,name
299-3256,postal code
宇津救命丸,company
池上通信機,company
〒930-3233,postal code
シオダ　ナオ,name
タケハラ ユイ,name
2-15 Minamicho Maebashi City Gunma prefecture,address
Tel 0176751197,phone number
スギムラ　ヨシオ,name
電話　0968731618,phone number
〒100-0082,postal code
〒100-0034,postal code
Tomioka Kaori,name
電話番号　0791297574,phone number
アーク,company
〒898-0162,postal code
アラクス,company
古手川 祐子,name
宇野澤組鐵工所,company
〒898-0154,postal code
アオキインターナショナル,company
Nagano Prefecture Chino City 3-2-15 Miyagawa Castle Miyagawa 119,address
Naganuma Takumi,name
〒976-0087,postal code
TEL 0323472348,phone number
児玉 清,name
京都府京都市伏見区島津町1-7-13プレイス島津町300,address
PHONE 0176751274,phone number
Yamanashi Prefecture Kai-shi Anji 3-2-6 The Anza 116,address
〒930-3258,postal code
0231441079,phone number
アプラス,company
PHONE 0176751258,phone number
長崎県松浦市御厨町相坂免3-16-5,address
八木 優希,name
カスミ,company
〒100-0015,postal code
長塚 京三,name
アシックス,company
FAX 0323472335,phone number
〒930-3243,postal code
299-3249,postal code
藤原 竜也,name
カルピス,company
Ikawa Kimiko,name
TEL 0323472355,phone number
カワイ ケイコ,name
Tani Tetsurou,name
トミタ　キヨシ,name
田中 麗奈,name
〒100-0069,postal code
大泉 洋,name
カシオ計算機,company
伊勢丹,company
299-3295,postal code
〒930-3241,postal code
加賀電子,company
石川島播磨重工業,company
オリンパス,company
アインメディカルシステムズ,company
川本産業,company
大政 絢,name
吉田 羊,name
関東自動車工業,company
〒898-0152,postal code
篠原 涼子,name
MOBILE 0176751207,phone number
"1 group of Usukizuzaki 4-chome Usuki city, Oita prefecture",address
電話番号　0791297584,phone number
Someya Risa,name
〒898-0091,postal code
千葉県流山市駒木台4-2-14駒木台の杜200,address
〒898-0093,postal code
0840783652,phone number
クリハラ ノリヒロ,name
オリエンタルコンサルタンツ,company
ピー・シー・エー株式会社,company
岡田 将生,name
日経マシナリー株式会社,company
299-3275,postal code
〒100-0022,postal code
岡山県高梁市川上町大原2-10-7,address
タマキ アヤナ,name
加山 雄三,name
0744040634,phone number
Maekawa Reika,name
〒100-0010,postal code
佐藤 浩市,name
北川工業,company
カワゴエ　タカオ,name
花本　達成,name
インターニックス,company
ヒガシノ　オトハ,name
イメージワン,company
瀧本 美織,name
旭テクノグラス,company
アクサ生命保険,company
PHONE 0176751256,phone number
携帯　0922111596,phone number
オートウェーブ,company
Tel 0176751202,phone number
松山 ケンイチ,name
MOBILE 0176751217,phone number
瀬戸 朝香,name
高橋 由美子,name
〒930-3250,postal code
MOBILE 0176751215,phone number
299-3284,postal code
柳葉 敏郎,name
299-3230,postal code
谷 花音,name
三浦 友和,name
志田 未来,name
アドバネクス,company
AIGエジソン生命保険,company
沢口 靖子,name
アイデアル,company
ACCESS,company
イワイ　カオリ,name
0964149253,phone number
〒898-0167,postal code
真田 広之,name
西田 敏行,name
0783773484,phone number
〒100-0043,postal code
兵庫県豊岡市出石町片間2-6-14出石町片間シーサイド217,address
〒100-0051,postal code
〒100-0017,postal code
阿木 燿子,name
ファックス　0783773498,phone number
584-0081,postal code
池田模範堂,company
〒898-0094,postal code
大塚 寧々,name
Phone 0339654506,phone number
〒930-3271,postal code
松 たか子,name
鳥取県鳥取市国府町美歎3-16-4,address
愛知県名古屋市北区若鶴町3-11-1,address
アイエヌジー生命保険,company
宮嵜　広志,name
熊本県上益城郡山都町新小1-5-17スイート新小416,address
下尾　美緒,name
〒976-0039,postal code
小澤 征悦,name
インテック・ウェブ・アンド・ゲノム・インフォマティクス,company
〒976-0059,postal code
Nakada Kaede,name
PHONE 0176751281,phone number
奈良県奈良市月ヶ瀬石打2-19-20月ヶ瀬石打パーク314,address
森迫 永依,name
0558228612,phone number
ソメヤ ミレイ,name
〒976-0071,postal code
299-3290,postal code
小針　綾乃,name
電話番号　0791297575,phone number
299-3268,postal code
TEL 0323472364,phone number
檀 れい,name
0525305603,phone number
電話　0968731621,phone number
Yamanashi Prefecture Kai City Daikanyin Newspaper 1-20 Danchi Shinjuku Land 103,address
〒976-0090,postal code
菅原 文太,name
妻夫木 聡,name
鶴見 辰吾,name
ユウキ　キヨミ,name
井村屋製菓,company
Ezaki Keiko,name
オーエムエムジー,company
三重県四日市市東茂福町4-11-12グリーン東茂福町311,address
299-3257,postal code
イオナインターナショナル,company
〒976-0022,postal code
〒898-0146,postal code
〒976-0052,postal code
アイ・ティー・エックス,company
電話番号　0791297578,phone number
0231441080,phone number
〒976-0041,postal code
織田 裕二,name
曙ブレーキ工業,company
水川 あさみ,name
Mogi Mari,name
Izumi Risa,name
三箇　恵里佳,name
香椎 由宇,name
PHONE 0176751261,phone number
TEL 0323472361,phone number
夏川 結衣,name
〒976-0086,postal code
Ｅストアー,company
アマノ,company
〒930-3277,postal code
〒898-0108,postal code
0231441090,phone number
愛媛県宇和島市三間町波岡4-14-7,address
PHONE 0176751245,phone number
ＦＤＫ,company
ファックス　0783773508,phone number
朝日工業社,company
〒930-3278,postal code
0840783655,phone number
Kumamoto Prefecture Yamanote-machi Shimizu 1-5-17 Suite Shin small 416,address
アイネット,company
モトムラ　ユウジ,name
京都府京都市左京区一乗寺赤ノ宮町2-17一乗寺赤ノ宮町プラザ107,address
浅利 陽介,name
〒814-0177,postal code
Hiroshima kure Kure shi Toyotomachi 4 - 19,address
春日電機,company
イハラケミカル工業,company
ファックス　0783773495,phone number
〒930-3255,postal code
299-3262,postal code
山梨県甲斐市安寺3-2-6ザ安寺116,address
Tel 0176751198,phone number
電話番号　0791297581,phone number
小林 聡美,name
299-3233,postal code
有森 也実,name
TEL 0323472357,phone number
Miyakawa Hideko,name
"Aichi Prefecture 4-4-13 Takasagi-cho, Anjo Riverside Takahori Town 213",address
〒976-0021,postal code
エポック社,company
内田 有紀,name
株式会社オービックビジネスコンサルタント,company
宮藤 官九郎,name
外薗　優也,name
PHONE 0176751234,phone number
電話番号　0791297580,phone number
PHONE 0176751283,phone number
河合楽器製作所,company
299-3246,postal code
〒976-0042,postal code
TEL 0323472376,phone number
〒100-0046,postal code
Fukui Prefecture Obama Shimo Kocho 1-18 Kaedo Heights 305,address
Kurosawa Kenji,name
竹野内 豊,name
瀬戸 康史,name
Matsumura Yoshio,name
〒976-0038,postal code
大後 寿々花,name
いすゞ自動車,company
0231441093,phone number
Andou Shiho,name
"2-9-17 Komaki, Megumi-shi, Ibaraki prefecture",address
Yuuki Kanji,name
〒976-0043,postal code
沖電気工業,company
イハラサイエンス,company
イオン九州,company
Tsuchida Akitoshi,name
Miyagi prefecture Osaki shi Iwade mountain top Kanazawa 1-1,address
山崎 努,name
299-3243,postal code
〒930-3245,postal code
エスアールエル,company
ウィーヴ,company
林 遣都,name
一杉　円,name
0744040637,phone number
MOBILE 0176751219,phone number
0840783648,phone number
エプコ,company
カネカ,company
角川書店,company
エスケイジャパン,company
0963092726,phone number