家室　希海,name
0964149263,phone number
〒976-0062,postal code
アパマンショップネットワーク,company
奈良県生駒郡平群町梨本4-19-12ステージ梨本301,address
王将フードサービス,company
〒898-0159,postal code
旺文社,company
神奈川県平塚市代官町1-5-2,address
山梨県山梨市牧丘町隼4-9-4,address
エステール,company
アベルコ,company
〒976-0073,postal code
299-3294,postal code
〒930-3229,postal code
299-3220,postal code
IDEC,company
株式会社システムウェーブ,company
日経マシナリー株式会社,company
0176751204,phone number
0231441093,phone number
愛光電気,company
0783773494,phone number
0339654513,phone number
宮沢 りえ,name
エー・アンド・デイ,company
〒100-0077,postal code
〒976-0056,postal code
夏目 雅子,name
〒898-0166,postal code
小泉 孝太郎,name
及川 光博,name
柴田 恭兵,name
株式会社オービックビジネスコンサルタント,company
カネカ,company
0963092723,phone number
常盤 貴子,name
0988069701,phone number
0339654520,phone number
渡辺 謙,name
0783773486,phone number
宇部マテリアルズ,company
〒100-0083,postal code
坂井 真紀,name
0840783658,phone number
宮藤 官九郎,name
〒976-0060,postal code
〒930-3243,postal code
橋本 愛,name
本田 望結,name
名機製作所,company
0963092721,phone number
味の素ゼネラルフーヅ,company
0176751251,phone number
299-3257,postal code
0176751281,phone number
カワチ薬品,company
アドバンテスト,company
三箇　恵里佳,name
アクサ生命保険,company
〒100-0043,postal code
カウボーイ,company
川澄化学工業,company
奥田 瑛二,name
0176751243,phone number
299-3250,postal code
0176751236,phone number
山本 裕典,name
朝日生命保険,company
〒100-0051,postal code
兵庫県豊岡市出石町片間2-6-14出石町片間シーサイド217,address
アサヒビール,company
あすか製薬,company
英和,company
0840783654,phone number
河合楽器製作所,company
0231441092,phone number
0525305604,phone number
真木 よう子,name
アラクス,company
〒976-0047,postal code
松田 龍平,name
イーピーエス,company
299-3240,postal code
葵プロモーション,company
299-3264,postal code
広島県呉市豊町久比4-19,address
北川精機,company
0783773496,phone number
能年 玲奈,name
音通,company
ウイング,company
〒930-3224,postal code
足立 梨花,name
斉藤 由貴,name
0339654525,phone number
〒989-0272,postal code
〒976-0067,postal code
0176751282,phone number
アーバンライフ,company
アイホン,company
0339654521,phone number
菓匠三全,company
アイデアル,company
アオキインターナショナル,company
〒898-0163,postal code
アンデルセン,company
満島 ひかり,name
0269627325,phone number
家山　賢司,name
薬師丸 ひろ子,name
〒100-0038,postal code
アイピーエス,company
〒898-0110,postal code
神木 隆之介,name
〒100-0021,postal code
檀 れい,name
宮崎県延岡市行縢町2-8,address
佐藤 隆太,name
瀬戸 朝香,name
川口 春奈,name
299-3252,postal code
0988069706,phone number
アイ・ティー・エックス,company
〒898-0116,postal code
〒930-3230,postal code
0176751274,phone number
0339654532,phone number
一杉　円,name
299-3249,postal code
0231441091,phone number
〒100-0040,postal code
〒898-0153,postal code
0964149257,phone number
出光興産,company
アマゾンジャパン,company
アルバック,company
アイレックス,company
〒930-3261,postal code
〒898-0178,postal code
ウッドランド,company
池脇 千鶴,name
長野県上高井郡高山村なかひら4-14-5,address
〒100-0055,postal code
〒898-0102,postal code
299-3221,postal code
0323472366,phone number
黒木 瞳,name
NOK,company
0339654510,phone number
299-3283,postal code
宮城県仙台市太白区大野田4-4,address
寺島 進,name
〒100-0027,postal code
〒930-3249,postal code
オイレス工業,company
朝日新聞社,company
高島 礼子,name
カナデン,company
0783773485,phone number
アルプス電気,company
長野県長野市川中島町上氷鉋4-1-16キャッスル川中島町上氷鉋406,address
アイロム,company
イズミヤ,company
〒898-0099,postal code
オーエス,company
イオン九州,company
荏原製作所,company
小田急電鉄,company
〒100-0046,postal code
あずみ,company
山形県村山市楯岡馬場,address
0964149259,phone number
アイ・エックス・アイ,company
0231441081,phone number
元旦ビューティ工業,company
0339654524,phone number
ＮＥＣトーキン,company
0980009561,phone number
カプコン,company
0176751280,phone number
堀北 真希,name
エスエス製薬,company
イーオン,company
手塚 理美,name
〒100-0050,postal code
0176751256,phone number
大沢 たかお,name
〒100-0057,postal code
0840783659,phone number
0988069711,phone number
0840783639,phone number
埼玉県さいたま市浦和区針ヶ谷1-8-7,address
東計電算,company
カワタ,company
299-3228,postal code
〒976-0030,postal code
カスミ,company
仲 里依紗,name
照井　恵利子,name
〒100-0049,postal code
〒976-0029,postal code
0323472358,phone number
〒930-3250,postal code
オハヨー乳業,company
0323472376,phone number
エムオーテックス株式会社,company
0557111727,phone number
0176751198,phone number
エポック社,company
田村 正和,name
一高たかはし,company
中尾 彬,name
0176751270,phone number
千葉 真一,name
0963092724,phone number
イー・アクセス,company
志田 未来,name
0339654503,phone number
アスキー,company
大竹 しのぶ,name
加瀬 亮,name
加藤 清史郎,name
〒930-3232,postal code
0964149252,phone number
旭テクノグラス,company
沢口 靖子,name
赤城乳業,company
鈴木金属工業,company
0176751206,phone number
〒976-0027,postal code
299-3262,postal code
小林 聡美,name
299-3231,postal code
299-3239,postal code
新家工業,company
観月 ありさ,name
SFCG,company
299-3234,postal code
〒100-0017,postal code
〒313-0047,postal code
長崎県長崎市茂木町1-19プレシャス茂木町100,address
鈴木 杏樹,name
〒930-3280,postal code
〒898-0109,postal code
〒930-3239,postal code
佐々木 希,name
白石 美帆,name
林 遣都,name
ピー・シー・エー株式会社,company
愛媛県宇和島市三間町波岡4-14-7,address
日本ウェーブロックホールディングス,company
小松 菜奈,name
小出 恵介,name
0312878637,phone number
アンリツ,company
菅野 美穂,name
0339654515,phone number
299-3238,postal code
299-3222,postal code
関東自動車工業,company
岩田屋,company
大杉 漣,name
高橋 克典,name
風間 杜夫,name
0339654510,phone number
由美 かおる,name
0786675449,phone number
川重防災工業,company
鶴見 辰吾,name
森迫 永依,name
〒976-0083,postal code
〒100-0036,postal code
299-3246,postal code
0840783642,phone number
カナモト,company
茨城県日立市相賀町4-10,address
オークマ,company
木村 文乃,name
要 潤,name
299-3258,postal code
大政 絢,name
〒898-0122,postal code
株式会社ドッドウエルビー・エム・エス,company
内山 理名,name
〒898-0131,postal code
牧瀬 里穂,name
大倉工業,company
高岡 奏輔,name
応研株式会社,company
千葉県市原市石神2-14-3,address
石原 さとみ,name
0583735325,phone number
成海 璃子,name
〒976-0052,postal code
〒976-0020,postal code
〒976-0016,postal code
0840783647,phone number
アビバジャパン,company
市川 実和子,name
戸田 菜穂,name
兼房,company
福井県福井市舟橋新4-10-5,address
佐藤 浩市,name
カルピス,company
水谷 豊,name
田畑 智子,name
0783773497,phone number
〒976-0013,postal code
ウィーヴ,company
瀬戸 康史,name
黒木 メイサ,name
株式会社イーシステム,company
佐賀県西松浦郡有田町北ノ川内2-4-17,address
0525305596,phone number
0922111601,phone number
〒898-0147,postal code
0740588976,phone number
0323472359,phone number
旭硝子,company
本田 翼,name
0783773490,phone number
299-3235,postal code
〒976-0021,postal code
エー・アンド・アイ　システム,company
エフアンドエム,company
0583735326,phone number
ＡＳＴＩ,company
三重県四日市市東茂福町4-11-12グリーン東茂福町311,address
299-3282,postal code
長崎県佐世保市宮崎町4-7-8プラチナ宮崎町312,address
石川県七尾市和倉町ヨ80,address
山本 耕史,name
小林 稔侍,name
〒100-0010,postal code
川崎汽船,company
鳥取県鳥取市国府町美歎3-16-4,address
熊倉　紅葉,name
曙ブレーキ工業,company
〒976-0026,postal code
〒976-0071,postal code
菊川鉄工所,company
鹿島建設,company
福島県伊達市保原町豊町4-20保原町豊町マンション116,address
イメージワン,company
0176751255,phone number
SMC,company
0744040644,phone number
谷 花音,name
0988069703,phone number
0339654523,phone number
0988478866,phone number
〒930-3257,postal code
稲森 いずみ,name
高川　真梨恵,name
〒898-0148,postal code
三重県桑名市常盤町1-14,address
山崎 賢人,name
〒898-0154,postal code
〒930-3215,postal code
具志　安那,name
加賀 まりこ,name
カンロ,company
豊原 功補,name
三浦 友和,name
アトラス,company
岡三ホールディングス,company
鹿賀 丈史,name
菊正宗酒造,company
インターニックス,company
299-3247,postal code
ＦＤＫ,company
有留　宏斗,name
吉場　千恵美,name
市原 隼人,name
インターアクション,company
〒976-0088,postal code
0744040654,phone number
伊藤忠テクノサイエンス,company
0323472377,phone number
〒976-0011,postal code
小針　綾乃,name
〒976-0094,postal code
沖電線,company
JSAT,company
菅原　章子,name
青森県黒石市竹田町2-10-13,address
〒898-0179,postal code
0176751267,phone number
〒930-3227,postal code
〒976-0034,postal code
各務　浩平,name
舘 ひろし,name
柳葉 敏郎,name
西田 尚美,name
大原 櫻子,name
鹿児島県大島郡伊仙町喜念3-13-5,address
阿部 サダヲ,name
〒930-3218,postal code
アイティフォー,company
プラス株式会社ジョインテックスカンパニー,company
イノテック,company
オリオンビール,company
アプレック,company
0787429310,phone number
0339654531,phone number
〒100-0065,postal code
菊水化学工業,company
0176751228,phone number
アサヒ飲料,company
0922111594,phone number
忍成 修吾,name
299-3263,postal code
インテージ,company
川辺,company
株式会社ブロードリーフ,company
〒100-0018,postal code
高知県長岡郡大豊町佐賀山3-18-16佐賀山荘215,address
山梨県南アルプス市田島3-6田島ゴールデン417,address
オザキ軽化学,company
アインメディカルシステムズ,company
西内 まりや,name
千葉県成田市東和田1-6,address
イハラケミカル工業,company
群馬県桐生市東久方町2-6-12ガーデン東久方町409,address
イクヨ,company
アサクラソフト株式会社,company
片岡 鶴太郎,name
〒100-0011,postal code
エフピコ,company
〒898-0143,postal code
0176751273,phone number
〒898-0113,postal code
0744040625,phone number
〒409-3103,postal code
株式会社建設システム,company
0339654511,phone number
〒930-3263,postal code
エース損害保険,company
松雪 泰子,name
0744040647,phone number
壱番屋,company
鈴木 亮平,name
〒976-0068,postal code
安田 成美,name
0922111590,phone number
福井県小浜市下加斗1-18下加斗ハイツ305,address
エース交易,company
須賀 健太,name
吉田 羊,name
岸本 加世子,name
株式会社ソルメディエージ,company
近本　舞佳,name
江口 洋介,name
松重 豊,name
0964149260,phone number
〒930-3246,postal code
川島 海荷,name
299-3245,postal code
エムオーテック,company
エース,company
0339654519,phone number
オンコセラピー・サイエンス,company
カヤバ工業,company
カルソニックカンセイ,company
0583723103,phone number
〒930-3225,postal code
アーレスティ,company
0896390693,phone number
ウェラジャパン,company
蟹江 敬三,name
〒976-0041,postal code
株式会社エディックワークス,company
〒100-0062,postal code
〒898-0097,postal code
〒930-3272,postal code
〒100-0006,postal code
アイビー化粧品,company
0922111596,phone number
0740269893,phone number
エスフーズ,company
0176751194,phone number
三重県度会郡玉城町原1-1-17,address
石川県輪島市門前町薄野2-1-9,address
吉岡 里帆,name
299-3288,postal code
富山県富山市新横内町3-4-20,address
三浦 翔平,name
0231441084,phone number
真田 広之,name
伊藤忠エネクス,company
0840783661,phone number
0964149269,phone number
0840783648,phone number
〒976-0061,postal code
後瀬　安希子,name
0176751248,phone number
小島 藤子,name
〒976-0053,postal code
0176751223,phone number
加ト吉,company
浅利 陽介,name
忽那 汐里,name
エクセル,company
インフォメーション クリエーティフ゛,company
〒930-3262,postal code
岡田 将生,name
石井 萌々果,name
高橋 英樹,name
アマノ株式会社,company
石田 ゆり子,name
上組,company
299-3251,postal code
0176751279,phone number
長野県長野市安茂里米村2-7,address
〒930-3213,postal code
田中 邦衛,name
オーエスジー,company
ピツニーボウズジャパン株式会社,company
アーレスティ,company
アルビス,company
〒898-0161,postal code
NTTコミュニケーション株式会社,company
0583735328,phone number
〒976-0084,postal code
斎藤 工,name
アイ・エム・アイ,company
シスコシステムズ合同会社,company
神山　梨夏,name
0339654520,phone number
静岡県静岡市葵区八千代町2-2-15ドリーム八千代町300,address
0840783657,phone number
〒976-0074,postal code
〒930-3275,postal code
尾形　武志,name
〒930-3240,postal code
〒930-3222,postal code
北大路 欣也,name
〒814-0177,postal code
0231441089,phone number
アマノ,company
ACCESS,company
石川県白山市新田町4-19-9新田町スカイ408,address
内田洋行,company
おやつカンパニー,company
〒930-3238,postal code
福島県東白川郡棚倉町流3-2-11流コンフォート105,address
川重冷熱工業,company
株式会社エヌエスケイ,company
イチジク製薬,company
井筒屋,company
〒976-0055,postal code
0583735323,phone number
〒976-0051,postal code
0323472346,phone number
森山 未來,name
エイジス,company
〒976-0085,postal code
299-3292,postal code
オレンジフードコート,company
0339654508,phone number
〒976-0064,postal code
〒930-3211,postal code
0964149268,phone number
カイゲン,company
勝地 涼,name
〒100-0045,postal code
〒898-0175,postal code
0176751253,phone number
田中 美佐子,name
愛三工業,company
〒691-0043,postal code
有村 架純,name
カシオ計算機,company
〒100-0032,postal code
〒898-0126,postal code
紺野 まひる,name
0231441079,phone number
渥美 清,name
〒100-0078,postal code
アマテイ,company
299-3289,postal code
0857046098,phone number
0176751210,phone number
〒930-3216,postal code
オンキヨー,company
0339654527,phone number
岩城　雅浩,name
〒976-0036,postal code
アシード,company
0744040640,phone number
株式会社玉川堂,company
299-3242,postal code
渡 哲,name
0744040642,phone number
杉本 哲太,name
群馬県邑楽郡板倉町大蔵3-18,address
Sky株式会社,company
細井　いづみ,name
〒898-0138,postal code
〒100-0030,postal code
阿部 寛,name
愛知県名古屋市中村区名駅南1-13,address
〒930-3231,postal code
〒100-0080,postal code
伊勢丹,company
竹下 景子,name
アマダ,company
インテリジェンス,company
0840783641,phone number
〒930-3220,postal code
松田 翔太,name
0922111593,phone number
〒898-0117,postal code
平泉 成,name
0339654512,phone number
299-3223,postal code
カネ美食品,company
M I Eテクノ,company
剛力 彩芽,name
シチエ,company
哀川 翔,name
0339654505,phone number
オーナンバ,company
〒976-0091,postal code
〒930-3281,postal code
299-3226,postal code
野崎　孝裕,name
0231441079,phone number
かどや製油,company
0339654517,phone number
エプコ,company
0339654514,phone number
0176751246,phone number
井上 真央,name
0269627329,phone number
原竹　貴幸,name
朝日ラバー,company
神奈川県横須賀市吉倉町4-2ダイヤモンド吉倉町304,address
299-3295,postal code
〒100-0024,postal code
〒100-0073,postal code
098337199,phone number
299-3266,postal code
菊屋　順一,name
0988069697,phone number
〒898-0152,postal code
アートコーポレーション,company
088551594,phone number
東京都中央区八重洲1-5-3,address
〒930-3214,postal code
越智産業,company
エフワン,company
和歌山県和歌山市永山3-20-14,address
川口化学工業,company
水川 あさみ,name
天海 祐希,name
299-3280,postal code
インプレス,company
安達 祐実,name
福田 麻由子,name
0744040627,phone number
0176751242,phone number
〒898-0096,postal code
〒100-0042,postal code
0339654522,phone number
〒100-0060,postal code
〒976-0077,postal code
因幡電機,company
八木 優希,name
長塚 京三,name
〒930-3282,postal code
アステラス製薬,company
カナレ電気,company
0783773489,phone number
ＳＲＡ,company
埼玉県さいたま市中央区新中里4-6-7新中里ハイツ417,address
赤福,company
764-0031,postal code
津川 雅彦,name
オリジン電気,company
0922111602,phone number
加藤 あい,name
0339654503,phone number
カワニシホールディングス,company
0964149262,phone number
0783773492,phone number
〒976-0019,postal code
エーエム・ピーエム・ジャパン,company
0176751213,phone number
0323472352,phone number
〒898-0168,postal code
佐藤 健,name
0744040637,phone number
〒100-0028,postal code
伊藤 歩,name
〒898-0136,postal code
山口県山陽小野田市叶松1-16ゴールデン叶松107,address
〒930-3251,postal code
東 幹久,name
0744040638,phone number
香川県小豆郡土庄町馬越1-4-9,address
0922111599,phone number
石原産業,company
江守商事,company
帰山　康生,name
柿安本店,company
0525305597,phone number
〒898-0106,postal code
0323472374,phone number
0339654512,phone number
イーシー・ワン,company
内田 有紀,name
〒976-0072,postal code
寺田 心,name
新垣 結衣,name
イソライト工業,company
0783773500,phone number
0176751229,phone number
アンジェス MG,company
山越　秀哉,name
芦田 愛菜,name
〒100-0069,postal code
〒898-0129,postal code
三浦 春馬,name
カゴメ,company
0176751269,phone number
299-3229,postal code
大森屋,company
旭松食品,company
香椎 由宇,name
釈 由美子,name
高倉 健,name
柳楽 優弥,name
里見 浩太朗,name
299-3225,postal code
三条　梨加,name
瀧本 美織,name
〒930-3266,postal code
松山 ケンイチ,name
朝日工業社,company
エスアールエル,company
仲間 由紀恵,name
MSC,company
インターネット総合研究所,company
株式会社ネオジャパン,company
〒100-0088,postal code
松田 優作,name
貝印,company
宇野澤組鐵工所,company
池上通信機,company
0176751261,phone number
0840783652,phone number
0323472363,phone number
伊勢谷 友介,name
〒898-0171,postal code
〒898-0176,postal code
0583735319,phone number
福士 蒼汰,name
299-3273,postal code
茨城県つくば市中東4-8-9ロイヤル中東112,address
0231441080,phone number
アイ・ロジスティクス,company
松嶋 菜々子,name
株式会社BSNアイネット,company
浦島海苔,company
0248566444,phone number
〒976-0075,postal code
静岡県島田市柳町3-17-2レジデンス柳町111,address
エイブル,company
0176751239,phone number
アシックス,company
山田 孝之,name
熊本県熊本市北区四方寄町1-18-10,address
戸田 恵梨香,name
新田 真剣佑,name
染谷 将太,name
イリソ電子工業,company
0783773491,phone number
0339654507,phone number
0176751245,phone number
エア・ウォータ・エモト,company
山瀬　久志,name
コクヨ北陸新潟販売株式会社,company
アキレス,company
0269627321,phone number
0176751231,phone number
オートバックスセブン,company
0525305606,phone number
〒976-0066,postal code
大森 南朋,name
篠原 涼子,name
株式会社アイビーシステム,company
今仙電機製作所,company
〒976-0023,postal code
〒930-3253,postal code
学情,company
エスケーアイ,company
黄桜酒造,company
299-3232,postal code
京都府京都市伏見区南部町4-20,address
ECC総本部,company
陣内 孝則,name
中村 蒼,name
宮城県大崎市岩出山上金沢1-1,address
0339654524,phone number
大分県臼杵市大字臼杵72-1,address
中井 貴一,name
〒976-0022,postal code
古谷 一行,name
0269627327,phone number
エス・バイ・エル,company
〒898-0128,postal code
0176751232,phone number
南沢 奈央,name
エイト日本技術開発（エイトコンサルタント）,company
〒976-0086,postal code
石井鐵工所,company
エバラ食品工業,company
伊藤 英明,name
谷原 章介,name
小澤 征悦,name
エヌアイデイ,company
0231441090,phone number
0988069699,phone number
〒898-0112,postal code
中越 典子,name
尾野 真千子,name
市川 由衣,name
青森県青森市戸崎1-16-12戸崎ステーション114 3-20-12,address
〒930-3264,postal code
木村 佳乃,name
榮倉 奈々,name
多部 未華,name
成宮 寛貴,name
0269627319,phone number
〒976-0028,postal code
0922111600,phone number
ＮＥＣソフト,company
株式会社ジェイ・エス・エス,company
299-3279,postal code
川崎重工業,company
奈良県生駒市生駒台南3-1,address
〒930-3237,postal code
岡山県岡山市北区中島田町2-9-9中島田町ガーデン116,address
オーエムエムジー,company
0176751257,phone number
0339654530,phone number
新潟県五泉市暮坪3-12-5暮坪テラス317,address
旭化成,company
黒木 華,name
〒100-0044,postal code
河田,company
香川県観音寺市豊浜町姫浜3-10-14ヴィレッジ豊浜町姫浜401,address
エネサーブ,company
夏川 結衣,name
埼玉県熊谷市向谷3-1-1向谷グリーン204,address
0525305607,phone number
0963092728,phone number
カルラ,company
〒100-0058,postal code
飯島 直子,name
田辺 誠一,name
高原　一騎,name
小西 真奈美,name
室井 滋,name
〒100-0029,postal code
0176751224,phone number
エナジーサポート,company
〒976-0024,postal code
オリンピック,company
井元　知貴,name
青森県三沢市細谷1-16-14ヴィレッジ細谷319,address
0988069705,phone number
エスエスケイ,company
0323472369,phone number
0988069709,phone number
旭屋書店,company
愛知県名古屋市北区若鶴町3-11-1,address
NTTデータ,company
カネボウ,company
0176751283,phone number
〒976-0032,postal code
〒918-8012,postal code
市光工業,company
オッペン化粧品,company
エージーピー,company
0988069710,phone number
〒898-0114,postal code
0744040624,phone number
三國 連太郎,name
岡田 義徳,name
0176751197,phone number
加賀電子,company
岡山県高梁市川上町大原2-10-7,address
アヲハタ,company
越後　樹里亜,name
〒976-0017,postal code
原田 知世,name
〒100-0026,postal code
〒976-0050,postal code
株式会社リコー,company
0744040652,phone number
〒930-3245,postal code
0189196539,phone number
0176751200,phone number
オリエントコーポレーション,company
株式会社鈴木コーヒー,company
0231441080,phone number
埼玉県秩父郡皆野町上日野沢3-16-13,address
ＳＭＢＣフレンド証券,company
299-3265,postal code
0323472365,phone number
濱田 岳,name
0959940002,phone number
〒382-0836,postal code
0922111597,phone number
0583735327,phone number
亀屋万年堂,company
雲海酒造,company
0988069707,phone number
〒898-0156,postal code
0922111607,phone number
加山 雄三,name
粟根　雄士,name
鹿児島県奄美市名瀬鳩浜町2-1-5,address
299-3261,postal code
〒930-3277,postal code
東京都中央区八重洲一丁目5番3号,address
〒898-0180,postal code
オプテックス,company
〒898-0133,postal code
299-3272,postal code
オーハシテクニカ,company
〒898-0120,postal code
大須賀　春奈,name
0176751265,phone number
〒976-0015,postal code
竹内 結子,name
富山県中新川郡立山町四谷尾2-15-4四谷尾ダイヤモンド406,address
〒100-0059,postal code
アイネット,company
0323472356,phone number
0176751218,phone number
かんなん丸,company
京都府京都市伏見区島津町1-7-13プレイス島津町300,address
古手川 祐子,name
カーマ,company
茨城県下妻市高道祖3-10-11,address
オー・エイチ・ティー,company
仲代 達矢,name
〒100-0082,postal code
熊本県上益城郡山都町新小1-5-17スイート新小416,address
株式会社富士通パーソナルズ,company
株式会社イノービア,company
0269627323,phone number
福島県大沼郡会津美里町高田道上3-20-2,address
〒100-0074,postal code
江崎グリコ,company
0744040639,phone number
滝沢 沙織,name
門脇 麦,name
角川ホールディングス,company
菊地 凛子,name
〒898-0121,postal code
遠藤 憲一,name
アーク,company
高知県高知市北端町4-11-18ロイヤルパレス北端町312,address
〒100-0071,postal code
0339654534,phone number
0583735322,phone number
〒100-0008,postal code
0525014405,phone number
青山商事,company
ウインテスト,company
0176751203,phone number
〒898-0149,postal code
〒930-3244,postal code
春名 風花,name
299-3224,postal code
旭精機工業,company
ウィルソン・ラーニング ワールドワイド,company
アース製薬,company
0323472353,phone number
ウエスコ,company
吉橋　虹歩,name
アマダ,company
福島県南相馬市小高区神山4-3-18パレス小高区神山407,address
エン・ジャパン,company
0323472349,phone number
0339654540,phone number
〒898-0088,postal code
沖縄県国頭郡恩納村瀬良垣1-18瀬良垣アパート400,address
西島 秀俊,name
0583735815,phone number
有森 也実,name
0231441095,phone number
〒976-0040,postal code
あいおい損害保険,company
0964149266,phone number
〒898-0174,postal code
アロカ,company
西田 敏行,name
〒976-0065,postal code
オリバー,company
〒930-3255,postal code
〒100-0084,postal code
家族亭,company
エンプラス,company
エリアクエスト,company
アルゼ,company
福井県丹生郡越前町頭谷3-14-3頭谷庵419,address
0231441083,phone number
上川隆也,name
アリコジャパン,company
エムケー精工,company
市村 正親,name
0791297568,phone number
カルチュア・コンビニエンス・クラブ,company
石川島運搬械株,company
瑛太,name
加藤 雅也,name
早野　駿太,name
〒930-3226,postal code
0840783651,phone number
〒898-0144,postal code
青木 崇高,name
0525305598,phone number
大木,company
オリジン東秀,company
上白石 萌音,name
〒976-0092,postal code
0176751262,phone number
〒100-0019,postal code
エースコック,company
0339654518,phone number
〒100-0053,postal code
武田 鉄矢,name
0231441085,phone number
0525305602,phone number
兵庫県神戸市中央区小野浜町1-13-6,address
0977547094,phone number
〒930-3233,postal code
038-2411,postal code
299-3267,postal code
〒100-0047,postal code
0323472360,phone number
浅田飴,company
永大化工,company
綾野 剛,name
0339654504,phone number
0988069697,phone number
内野 聖陽,name
花本　達成,name
ウライ,company
0176751252,phone number
小野建,company
0323472348,phone number
アスクル,company
アルゴ２１,company
0783773488,phone number
〒976-0063,postal code
綾瀬 はるか,name
熊本県阿蘇郡産山村片俣1-18-16パーク片俣101,address
〒898-0160,postal code
伊藤園,company
福島県福島市宮下町3-10-16ハウス宮下町317,address
〒976-0058,postal code
0840783639,phone number
〒976-0087,postal code
穴吹興産,company
0231441094,phone number
福田 沙紀,name
鈴木 福,name
0558228612,phone number
0323472379,phone number
〒898-0123,postal code
〒976-0089,postal code
山梨県甲斐市団子新居1-20団子新居ランド103,address
北川工業,company
広末 涼子,name
西村 雅彦,name
今屋　夏生,name
0176751240,phone number
0176751277,phone number
〒976-0038,postal code
〒898-0165,postal code
伊達　陽向,name
日本ヒューレット・パッカード株式会社,company
299-3285,postal code
沢村 一樹,name
0922111604,phone number
アイチコーポレーション,company
0339654537,phone number
長野県茅野市宮川3-2-15キャッスル宮川119,address
永作 博美,name
オムロン,company
有沢製作所,company
0922111595,phone number
0176751193,phone number
〒976-0078,postal code
エーアンドエーマテリアル,company
あじかん,company
〒976-0070,postal code
エクセディ,company
0323472373,phone number
299-3219,postal code
兵庫県豊岡市出石町田結庄1-13-5出石町田結庄レジデンス103,address
京都市下京区烏丸通七条下ル 東塩小路町 721-1,address
0744040624,phone number
0840783655,phone number
〒100-0034,postal code
田中 麗奈,name
0176751219,phone number
アトム,company
0176751284,phone number
〒930-3241,postal code
0783773498,phone number
0323472367,phone number
エヌ・ティ・ティ・ドコモ,company
0964149255,phone number
〒930-3259,postal code
エバタ,company
0744040655,phone number
イオナインターナショナル,company
織田 裕二,name
美山 加恋,name
あみやき亭,company
三井情報株式会社,company
〒930-3236,postal code
役所 広司,name
川上塗料,company
0176751244,phone number
〒898-0146,postal code
エスペック,company
中尾 明慶,name
山形県鶴岡市大東町1-16-1岩手県奥州市前沢南前沢3-18-7,address
アルプス技研,company
0964149264,phone number
堺 雅人,name
長谷川 博己,name
鈴木 保奈美,name
アライドテレシスホールディングス,company
299-3286,postal code
古田 新太,name
〒930-3268,postal code
0339654523,phone number
山口県美祢市美東町大田3-18美東町大田アパート417,address
0744040633,phone number
山梨県韮崎市穂坂町上今井2-2-6,address
〒976-0031,postal code
AOCホールディングス,company
076378471,phone number
吉沢 亮,name
0269627324,phone number
0339654516,phone number
0963092719,phone number
魚力,company
岡部,company
〒976-0044,postal code
相武 紗季,name
0339654536,phone number
0440072396,phone number
石川県輪島市門前町木原月3-6-3,address
0988069718,phone number
〒898-0162,postal code
エコス,company
菅原 文太,name
大後 寿々花,name
0176751201,phone number
佐々木 蔵之介,name
0840783649,phone number
299-3287,postal code
インボイス,company
ヱスビー食品,company
〒898-0090,postal code
ＮＴＮ,company
299-3230,postal code
0963092718,phone number
〒898-0169,postal code
角川書店,company
アイワイバンク銀行,company
吉高 由里子,name
0323472370,phone number
〒898-0132,postal code
0744040651,phone number
〒930-3274,postal code
武井 咲,name
0583735324,phone number
カシオマイクロニクス,company
野際 陽子,name
サイオステクノロジー株式会社,company
0891910177,phone number
0744040634,phone number
キグナス石油,company
飯田産業,company
かたせ 梨乃,name
緒形 拳,name
0176751254,phone number
0339654506,phone number
0231441087,phone number
〒100-0031,postal code
0339654504,phone number
茨城県行方市小牧2-9-17,address
0176751233,phone number
0339654505,phone number
ＥＭシステムズ,company
中谷 美紀,name
茨城県石岡市谷向町2-4-2ハウス谷向町116,address
〒976-0012,postal code
662-0075,postal code
0964149265,phone number
044125111,phone number
0176751221,phone number
ガリバーインターナショナル,company
0744040626,phone number
下尾　晴菜,name
オプト,company
徳島県吉野川市山川町黒岩4-17-10,address
0744040650,phone number
〒898-0172,postal code
〒100-0015,postal code
0988069720,phone number
0323472372,phone number
0922111588,phone number
三石　莉佳子,name
オリエンタルコンサルタンツ,company
オリックス,company
仲村 トオル,name
0583735318,phone number
深津 絵里,name
田中 裕子,name
オリックス生命保険,company
0840783640,phone number
板垣　圭一,name
樋口 可南子,name
アビリット,company
0176751220,phone number
0963092722,phone number
京都府京都市上京区南兼康町2-2-2,address
0840783643,phone number
〒898-0108,postal code
宮地 真緒,name
0583735315,phone number
小倉クラッチ,company
〒898-0142,postal code
オータケ,company
299-3277,postal code
鴫原　政樹,name
〒100-0013,postal code
エーザイ,company
カノークス,company
カネテツデリカフーズ,company
沖電気工業,company
0744040630,phone number
塚本 高史,name
阿木 燿子,name
アドバンスクリエイト,company
〒898-0137,postal code
山崎 努,name
アプラス,company
0263596228,phone number
0988069704,phone number
藤原 紀香,name
0892525382,phone number
エルゴ・ブレインズ,company
ＳＰＫ,company
オーエー・システム・プラザ,company
倉科 カナ,name
0176751215,phone number
東京都江東区牡丹3-1-15牡丹スカイ417,address
岩谷産業,company
0269627331,phone number
299-3256,postal code
0583735314,phone number
アセット・マネジャーズ,company
0964149267,phone number
吉岡 秀隆,name
イカリソース,company
岡藤ビジネスサービス,company
カクダイ製菓,company
0176751211,phone number
長野県東御市常田4-5-3,address
尾高　彰宏,name
0231441082,phone number
〒100-0070,postal code
藤 竜也,name
谷村 美月,name
0840783641,phone number
藤原 竜也,name
〒100-0016,postal code
カンダコ−ポレ−ション,company
矢田 亜希子,name
梅宮 辰夫,name
 安達 太亮,name
緒形 直人,name
0323472355,phone number
大隈豊和機械,company
山神　治,name
ジューテック,company
桐谷 健太,name
赤塚　沙季,name
川崎近海汽船,company
〒976-0054,postal code
ＳＭＫ,company
大泉 洋,name
〒976-0014,postal code
坂野　かなえ,name
光本　恵理子,name
0323472364,phone number
0269627328,phone number
〒100-0063,postal code
0339654511,phone number
株式会社コンピューターシステム研究所,company
0176751247,phone number
伊藤 淳史,name
和久井 映見,name
0922111603,phone number
〒930-3247,postal code
0744040636,phone number
カテナ,company
宮嵜　広志,name
〒976-0059,postal code
国仲 涼子,name
299-3243,postal code
北乃 きい,name
大友　政宏,name
0339654519,phone number
〒898-0173,postal code
〒898-0164,postal code
0339654515,phone number
坂口 憲二,name
299-3268,postal code
0339654535,phone number
大塚薬,company
花王,company
0176751285,phone number
〒898-0150,postal code
アビバジャパン,company
0525305608,phone number
0964149256,phone number
〒976-0049,postal code
0176751258,phone number
〒976-0090,postal code
京都府京都市伏見区深草笹山町4-16-13,address
〒976-0093,postal code
0176751264,phone number
0963092718,phone number
299-3284,postal code
652-0805,postal code
貫地谷 しほり,name
福岡県福岡市城南区干隈1-1-11,address
エスコム,company
0269627330,phone number
0323472351,phone number
0231441081,phone number
川上 麻衣子,name
〒898-0107,postal code
インデックス,company
岩坪　祥吾,name
〒898-0098,postal code
エスラインギフ,company
0176751216,phone number
エイアンドティー,company
上野 樹里,name
学生援護会,company
イハラサイエンス,company
花房　由貴子,name
イエローハット,company
濱田 龍臣,name
0886051995,phone number
0339654518,phone number
0176751205,phone number
吉永 小百合,name
エイベックス・グループ・ホールディングス,company
〒976-0018,postal code
反町 隆史,name
エヌエス環境,company
〒100-0048,postal code
〒100-0076,postal code
299-3241,postal code
0231441086,phone number
臼田 あさ美,name
蒼井 優,name
アドバネクス,company
山梨県甲斐市安寺3-2-6ザ安寺116,address
石川島播磨重工業,company
外薗　優也,name
アイシン精機,company
石光商事,company
0956843675,phone number
〒100-0012,postal code
0269627318,phone number
〒898-0118,postal code
アートネイチャー,company
ダイキンHVACソリューション新潟株式会社,company
旭情報サービス,company
インテック・ウェブ・アンド・ゲノム・インフォマティクス,company
299-3219,postal code
0783773499,phone number
0583735320,phone number
伊藤忠商事,company
0339654538,phone number
0339654521,phone number
0988069702,phone number
近藤 孔明,name
伊原 剛志,name
0176751217,phone number
広瀬 すず,name
株式会社インテック,company
オルガノ,company
0339654507,phone number
アサツーディ・ケイ,company
0744040628,phone number
〒898-0115,postal code
0744040646,phone number
高橋 由美子,name
高知県高岡郡檮原町久保谷1-4-15,address
0339654533,phone number
磯じまん,company
エー・アンド・アイ システム,company
甲州　恵理,name
京都府京都市西京区山田庄田町1-8-13,address
神田 正輝,name
笹野 高史,name
渡部 篤郎,name
向井 理,name
イオン,company
オークネット,company
池松 壮亮,name
〒930-3242,postal code
299-3278,postal code
大林組,company
愛媛県北宇和郡鬼北町父野川上3-2,address
青森県上北郡東北町山ノ下2-9-20山ノ下ドリーム106,address
299-3227,postal code
299-3260,postal code
0964149253,phone number
オーエムシーカード,company
オリンパス,company
〒930-3254,postal code
エディオン,company
〒100-0066,postal code
伊藤忠食品,company
八千草 薫,name
竹野内 豊,name
本仮屋 ユイカ,name
アドテック,company
オルファ,company
〒976-0045,postal code
0525305600,phone number
窪田 正孝,name
〒930-3219,postal code
オーミケンシ,company
株式会社システムリサーチ,company
〒898-0093,postal code
宇津救命丸,company
尾家産業,company
〒100-0056,postal code
北村 一輝,name
0749204515,phone number
〒930-3221,postal code
深田 恭子,name
0323472368,phone number
遠藤製作所,company
ＮＥＣフィールディング,company
0922111591,phone number
応技術,company
堅木　匠海,name
〒898-0124,postal code
0922111592,phone number
和歌山県田辺市小谷2-8,address
〒976-0037,postal code
川崎化成工業,company
後野　敬之,name
〒898-0104,postal code
〒898-0127,postal code
0339654525,phone number
〒898-0125,postal code
春日井製菓,company
松下 由樹,name
宮崎県宮崎市学園木花台桜1-10-12,address
〒976-0076,postal code
〒898-0158,postal code
299-3254,postal code
0339654528,phone number
0583735329,phone number
二階堂 ふみか,name
0231441088,phone number
岡谷電機産業,company
〒898-0167,postal code
0269627322,phone number
シャープマーケティングジャパン株式会社,company
〒898-0139,postal code
0176751241,phone number
〒898-0092,postal code
0583735330,phone number
インテリジェント ウェイブ,company
リコーインダストリー株式会社,company
古手川 祐子,name
岩堀　良美,name
春日電機,company
エフテック,company
アイコム,company
〒930-3211,postal code
0744040648,phone number
0922111588,phone number
0583735316,phone number
宮崎県延岡市北浦町三川内1-9北浦町三川内荘315,address
0988069715,phone number
いすゞ自動車,company
大塚家具,company
松方 弘樹,name
旭化学工業,company
299-3296,postal code
0988069716,phone number
〒898-0140,postal code
〒930-3276,postal code
0840783656,phone number
0988069719,phone number
0744040629,phone number
〒100-0033,postal code
関西ペイント,company
石川県小松市蛭川町2-15,address
アップガレージ,company
〒100-0006,postal code
松 たか子,name
イチヤ,company
青森県上北郡東北町萌出道ノ下3-1-7,address
アテナ工業,company
エス・イー・エス,company
0176751249,phone number
299-3276,postal code
オートウェーブ,company
北川 景子,name
エニシル,company
岡村製作所,company
比嘉 愛未,name
山口 智子,name
〒976-0080,postal code
〒898-0100,postal code
エイチ・アイ・エス,company
イーター電機工業,company
077183176070,phone number
本郷 奏多,name
0339654539,phone number
アイ・エス・ビー,company
石田 純一,name
石原 裕次郎,name
小林 旭,name
オタフクソース,company
吹石 一恵,name
米倉 涼子,name
Ｅストアー,company
エノモト,company
〒898-0145,postal code
〒976-0039,postal code
〒100-0072,postal code
エスビーエス,company
〒930-3252,postal code
宮城県栗原市一迫新米3-6-2,address
高知県吾川郡仁淀川町川内谷2-13-3川内谷レジデンス108,address
0744040649,phone number
〒100-0039,postal code
岡野バルブ製造,company
大杉 漣,name
0963092725,phone number
エイボン・プロダクツ,company
〒100-0035,postal code
ウシオ電機,company
851-2108,postal code
下尾　美緒,name
イトーヨーカ堂,company
〒898-0177,postal code
浅香工業,company
299-3244,postal code
アロン化成,company
今達　晃成,name
沢尻 エリカ,name
0176751227,phone number
0988069698,phone number
0783773495,phone number
イワブチ,company
〒100-0087,postal code
0176751275,phone number
〒100-0025,postal code
ガーラ,company
栗山 千明,name
アントイレプランナー,company
福井コンピュータ株式会社,company
オーデリック,company
芦名 星,name
伊勢　駿一,name
垣添　卓,name
永瀬 正敏,name
0317828805,phone number
〒930-3256,postal code
富田 靖子,name
299-3281,postal code
0269627326,phone number
松坂 慶子,name
0176751226,phone number
299-3248,postal code
0339654503,phone number
〒898-0103,postal code
299-3274,postal code
香川 照之,name
〒976-0035,postal code
エルメ,company
〒930-3228,postal code
〒100-0079,postal code
大橋 のぞみ,name
〒231-0063,postal code
〒976-0011,postal code
亜細亜証券印刷,company
池田模範堂,company
大塚商会,company
アデコ,company
〒898-0135,postal code
299-3233,postal code
0988069712,phone number
茨城県取手市紫水3-3,address
0964149252,phone number
〒100-0014,postal code
エコートレーディング,company
0840783646,phone number
福井県福井市生野町1-10メゾン生野町216,address
〒898-0095,postal code
オオゼキ,company
0964149261,phone number
584-0081,postal code
草刈 正雄,name
0339654508,phone number
水野 美紀,name
アデランス,company
0922111598,phone number
0583735321,phone number
溝端 淳平,name
岐阜県羽島市舟橋町本町2-6舟橋町本町ヴィレッジ318,address
井村屋製菓,company
〒976-0048,postal code
株式会社ワイズマン,company
桐谷 美玲,name
〒976-0057,postal code
暁飯島工業,company
小栗 旬,name
〒930-3223,postal code
オーネックス,company
星野 真里,name
0176751222,phone number
0339654522,phone number
木村 多江,name
0176751259,phone number
0963092720,phone number
0922111589,phone number
アイエー,company
愛知県安城市高棚町4-4-13リバーサイド高棚町213,address
0339654513,phone number
弓　知加,name
0964149254,phone number
0988069714,phone number
土屋 太鳳,name
0583735317,phone number
山梨県甲府市住吉本町,address
〒898-0119,postal code
SECカーボン,company
0744040641,phone number
0840783644,phone number
安食　圭司,name
水嶋 ヒロ,name
0525305603,phone number
エンチョー,company
アップルコンピュータ,company
エイケン工業,company
JALUX,company
上戸 彩,name
〒898-0157,postal code
0231441079,phone number
0323472345,phone number
0988069713,phone number
小田原エンジニアリング,company
〒930-3234,postal code
SCSK株式会社,company
〒976-0082,postal code
LG電子ジャパン,company
秋田県横手市安本1-4-19,address
株式会社ディーエスブランド,company
奥納　彩衣,name
0323472357,phone number
0744040635,phone number
真矢 みき,name
〒930-3279,postal code
菊池プレス工業,company
0176751208,phone number
0176751263,phone number
299-3270,postal code
江角 マキコ,name
長澤 まさみ,name
東京都港区南青山3-7-7,address
市川 実日子,name
藤谷 美和子,name
インターネット　セキュリティ　システムズ,company
〒930-3258,postal code
0269627318,phone number
0323472375,phone number
岩手県奥州市衣川富田4-13,address
〒100-0020,postal code
北海道苫小牧市桜坂町4-19-16,address
河西工業,company
〒976-0043,postal code
0176751272,phone number
〒976-0025,postal code
群馬県前橋市南町2-15,address
松下 奈緒,name
0922111605,phone number
〒898-0105,postal code
0497386948,phone number
麻生 久美子,name
0964149258,phone number
〒898-0091,postal code
苅部　健次,name
松平 健,name
0323472378,phone number
京都府京都市左京区一乗寺赤ノ宮町2-17一乗寺赤ノ宮町プラザ107,address
藤木 直人,name
0840783645,phone number
オリエンタル建設,company
0176751207,phone number
0176751266,phone number
299-3290,postal code
宇津井 健,name
豊川 悦司,name
内山　夏樹,name
舘山　真耶,name
岩崎電気,company
サイボウズ株式会社,company
〒930-3217,postal code
299-3269,postal code
299-3253,postal code
〒976-0046,postal code
299-3291,postal code
0840783660,phone number
イトーキ,company
0783773484,phone number
〒898-0170,postal code
0744040632,phone number
千葉県流山市駒木台4-2-14駒木台の杜200,address
岩崎通信機,company
0339654516,phone number
0339654517,phone number
アスカ,company
〒930-3260,postal code
〒100-0037,postal code
玉山 鉄二,name
オンワード樫山,company
〒100-0052,postal code
インパクト21,company
299-3275,postal code
大分県臼杵市臼杵洲崎四丁目１組,address
0922111606,phone number
〒100-0041,postal code
アツギ,company
大分県大分市宮河内ハイランド1-14-20,address
〒100-0054,postal code
長谷川 京子,name
浅野 忠信,name
〒898-0089,postal code
0176751238,phone number
0231441083,phone number
小林 星蘭,name
〒898-0101,postal code
鈴木 京香,name
〒930-3267,postal code
大阪府大阪市天王寺区空清町4-6-20空清町プレシャス102,address
0176751214,phone number
椎名 桔平,name
0176751234,phone number
0783773487,phone number
〒100-0009,postal code
小野産業,company
0988069717,phone number
中川 大志,name
桜庭 ななみ,name
唐沢 寿明,name
0176751209,phone number
〒898-0141,postal code
299-3236,postal code
〒100-0068,postal code
0580592216,phone number
大阪製,company
〒100-0064,postal code
0744040645,phone number
オリエンタル酵母工業,company
柄本 明,name
0583735331,phone number
299-3237,postal code
〒930-3265,postal code
カフェグローブ・ドット・コム,company
アイユーケー,company
〒100-0023,postal code
長崎県松浦市御厨町相坂免3-16-5,address
長崎県雲仙市瑞穂町西郷辛1-14-3,address
0339654509,phone number
〒898-0134,postal code
〒898-0155,postal code
宮崎 あおい,name
インテル,company
味の素,company
アイフル,company
小野薬品工業,company
小田急百貨店,company
0744040631,phone number
山口県岩国市楠町4-7-13楠町ダイヤモンド114,address
イマジニア,company
石塚硝子,company
〒930-3271,postal code
〒976-0069,postal code
宮城県登米市豊里町七ツ塚1-14-19豊里町七ツ塚ガーデン314,address
〒898-0130,postal code
エスケイジャパン,company
児玉 清,name
玉木 宏,name
アコム,company
アイシン・エィ・ダブリュ,company
伊藤ハム,company
〒898-0094,postal code
アトミクス,company
〒898-0088,postal code
岡本 玲,name
0176751276,phone number
カルビー,company
カネソ,company
エドウイン,company
〒976-0081,postal code
0176751225,phone number
〒898-0111,postal code
カラカミ観光,company
イー・エス・エス,company
アクセル,company
〒930-3248,postal code
〒930-3273,postal code
伊佐　有哉,name
エステー化学,company
福井コンピュータアーキテクト株式会社,company
0323472362,phone number
0744040653,phone number
〒100-0061,postal code
299-3271,postal code
宇部興産,company
アグレックス,company
0176751230,phone number
鳥取県岩美郡岩美町網代2-20,address
アイ・オー・データ機器,company
〒898-0151,postal code
山梨県甲州市勝沼町菱山3-18タワー勝沼町菱山210,address
0176751195,phone number
〒100-0022,postal code
0176751193,phone number
川田工業,company
0176751250,phone number
大関,company
中村 玉緒,name
0323472347,phone number
〒930-3270,postal code
0231441082,phone number
カメイ,company
0988069708,phone number
299-3293,postal code
株式会社ダイレクトジャパン,company
0339654529,phone number
〒976-0079,postal code
0370447855,phone number
0339654514,phone number
井筒八つ橋,company
石黒 賢,name
松坂 桃李,name
富山県中新川郡上市町栄町1-19-14栄町シティ112,address
0323472371,phone number
朝日ラバー,company
アルバイトタイムス,company
三重県志摩市大王町名田3-16,address
0525305605,phone number
0176751278,phone number
0525305596,phone number
奈良県奈良市月ヶ瀬石打2-19-20月ヶ瀬石打パーク314,address
〒930-3278,postal code
栄研化学,company
299-3255,postal code
岸谷 五郎,name
アディダスジャパン,company
杉 良太郎,name
科研製薬,company
千葉 雄大,name
神奈川県三浦市初声町下宮田3-4初声町下宮田グランド414,address
〒100-0067,postal code
奈良県桜井市横柿1-6-17横柿レジデンス304,address
〒976-0042,postal code
エーティーエルシステム,company
〒100-0075,postal code
AIGエジソン生命保険,company
0323472354,phone number
0783773493,phone number
0266834682,phone number
大東 駿介,name
0968731613,phone number
0176751212,phone number
石川県河北郡津幡町御門3-16-12ザ御門216,address
0269627320,phone number
木曽路,company
0339654506,phone number
0323472344,phone number
本上 まなみ,name
0525305599,phone number
0840783650,phone number
0176751202,phone number
株式会社プリンストン,company
0525305601,phone number
0339654509,phone number
筒井 道隆,name
安楽亭,company
堤 真一,name
妻夫木 聡,name
0176751196,phone number
亀田製菓,company
アグロ カネショウ,company
高畑 充希,name
太田胃散,company
0323472361,phone number
富永　文音,name
川本産業,company
岡田 眞澄,name
大塚 寧々,name
吉瀬 美智子,name
0988069700,phone number
INAX,company
〒100-0086,postal code
0963092726,phone number
高良 健吾,name
〒976-0033,postal code
0176751260,phone number
学習研究社,company
鶴田 真由,name
0323472350,phone number
カーディナル,company
大塚食,company
0176751235,phone number
0744040643,phone number
〒100-0085,postal code
〒930-3235,postal code
栄光ゼミナール,company
アルパイン,company
平岡 祐太,name
福島県福島市八島田3-13-14,address
熊本県天草市城下町2-7城下町ステージ304,address
イオン,company
〒100-0007,postal code
黒須　真尋,name
菊水電子工業,company
0963092727,phone number
0339654526,phone number
アイエヌジー生命保険,company
299-3259,postal code
〒930-3269,postal code
愛知機械工業,company
宮崎　あゆ美,name
早瀬　一,name
0176751237,phone number
兵庫県篠山市宮代4-15-5,address
福井県あわら市中川2-2-18中川キャッスル104,address
岩下 志麻,name
〒100-0081,postal code
高倉　紗羽,name
0871293993,phone number
株式会社文武堂,company
0176751268,phone number
0339654526,phone number
近江兄弟社,company
0176751199,phone number
トレンドマイクロ株式会社,company
〒930-3212,postal code
0176751271,phone number
アールビバン,company
0840783653,phone number
アークス,company
大分県佐伯弥生提内3-17-17,address
872-0673,postal code